x1_scaled,T_K_scaled,P_kPa_scaled,y1
-1.3624092153134038,-1.1732399496407282,-1.3678940092779692,0.014496714153011233
-1.3601793418687733,-1.1779315995739965,-1.3678940092779692,0.020791824666434623
-1.357949468424143,-1.1815765670267908,-1.3678940092779692,0.028544195325259633
-1.3557195949795124,-1.1861273637056486,-1.3678940092779692,0.03641247018554149
-1.3534897215348822,-1.1893895465821969,-1.3678940092779692,0.04166492308928012
-1.351259848090252,-1.1925458328393699,-1.3678940092779692,0.04868146510529382
-1.3490299746456216,-1.1956618518559887,-1.3678940092779692,0.05750841680983359
-1.3468001012009914,-1.198748957441594,-1.3678940092779692,0.06369750385987998
-1.3445702277563611,-1.201242837288499,-1.3678940092779692,0.06943890995598481
-1.3423403543117305,-1.2043581356499515,-1.3678940092779692,0.07739689654196427
-1.3401104808671003,-1.2066274460687791,-1.3678940092779692,0.08329469477776427
-1.3378806074224698,-1.2089740596203353,-1.3678940092779692,0.09014416937541898
-1.3356507339778396,-1.2111967157849213,-1.3678940092779692,0.09764184561565585
-1.3334208605332092,-1.213404119187085,-1.3678940092779692,0.10220497174169481
-1.331190987088579,-1.2161214107722376,-1.3678940092779692,0.10903027409373857
-1.3289611136439485,-1.2184110745072658,-1.3678940092779692,0.11673860250502001
-1.326731240199318,-1.2197955813891586,-1.3678940092779692,0.12273270206052028
-1.3245013667546879,-1.2222199800486964,-1.3678940092779692,0.13039356363313656
-1.3222714933100574,-1.2246957071246016,-1.3678940092779692,0.1353869399988049
-1.3200416198654272,-1.2262478893416953,-1.3678940092779692,0.14097901037280136
-1.3178117464207968,-1.228835178440169,-1.3678940092779692,0.14983375763786777
-1.3155818729761664,-1.2307297430516628,-1.3678940092779692,0.15399931472724124
-1.3133519995315361,-1.233216148168181,-1.3678940092779692,0.1600295313241426
-1.3111221260869057,-1.2348299520384929,-1.3678940092779692,0.16415383952688659
-1.3088922526422753,-1.2370570695781948,-1.3678940092779692,0.1705302046531119
-1.306662379197645,-1.2397256066170659,-1.3678940092779692,0.17656066727174868
-1.3044325057530146,-1.2414696147131576,-1.3678940092779692,0.18055280861785622
-1.3022026323083844,-1.243600795881882,-1.3678940092779692,0.18721241215824055
-1.299972758863754,-1.2454022353817715,-1.3678940092779692,0.19125159565331604
-1.2977428854191235,-1.2480130220693055,-1.3678940092779692,0.19646570943941755
-1.2955130119744933,-1.249494051263672,-1.3678940092779692,0.2009576628161313
-1.2932831385298629,-1.2513040466672674,-1.3678940092779692,0.20811755999573145
-1.2910532650852327,-1.2539760369332305,-1.3678940092779692,0.2108687918635962
-1.2888233916406022,-1.2556977121048871,-1.3678940092779692,0.21435982908127757
-1.2865935181959718,-1.2578065589733474,-1.3678940092779692,0.22070072823956172
-1.2843636447513416,-1.2591875159292052,-1.3678940092779692,0.22305052414057625
-1.2821337713067114,-1.2607872062800782,-1.3678940092779692,0.22881310574504232
-1.279903897862081,-1.262450592520574,-1.3678940092779692,0.23092428503258763
-1.2776740244174505,-1.264737624353166,-1.3678940092779692,0.23578877534090728
-1.2754441509728203,-1.2662118064543817,-1.3678940092779692,0.2415002734086182
-1.2732142775281898,-1.268951893509252,-1.3678940092779692,0.24617856566040816
-1.2709844040835596,-1.2709511159862688,-1.3678940092779692,0.2496951506060974
-1.2687545306389292,-1.272401651734178,-1.3678940092779692,0.25343557383595566
-1.2665246571942987,-1.2741763826987569,-1.3678940092779692,0.25721807497724364
-1.2642947837496685,-1.2761730687610866,-1.3678940092779692,0.259945890210118
-1.262064910305038,-1.2785969476738297,-1.3678940092779692,0.26454383870501713
-1.2598350368604077,-1.2798879481091983,-1.3678940092779692,0.26857311225276337
-1.2576051634157772,-1.2820311026105822,-1.3678940092779692,0.2737884989697491
-1.255375289971147,-1.283258648808297,-1.3678940092779692,0.276696938574512
-1.2531454165265168,-1.2850751164198049,-1.3678940092779692,0.2781333017047113
-1.2509155430818863,-1.2871236687356769,-1.3678940092779692,0.28368128565042716
-1.248685669637256,-1.2886437212393809,-1.3678940092779692,0.2863475776795131
-1.2464557961926257,-1.2903769363410713,-1.3678940092779692,0.2893426467626588
-1.2442259227479953,-1.2916301704412394,-1.3678940092779692,0.29383286300193756
-1.241996049303365,-1.2928338136740896,-1.3678940092779692,0.2973822543014715
-1.2397661758587346,-1.2948221471387926,-1.3678940092779692,0.30035576353125976
-1.2375363024141042,-1.295842157014706,-1.3678940092779692,0.30161636554092075
-1.235306428969474,-1.2975495865941977,-1.3678940092779692,0.30515005181066596
-1.2330765555248435,-1.29904569706773,-1.3678940092779692,0.3087815006622111
-1.2308466820802133,-1.3002930475084034,-1.3678940092779692,0.31241875777567907
-1.2286168086355829,-1.3020106379034397,-1.3678940092779692,0.313973726653462
-1.2263869351909524,-1.3033748151990339,-1.3678940092779692,0.31730835343393776
-1.2241570617463222,-1.305097155054237,-1.3678940092779692,0.3194749226839759
-1.2219271883016918,-1.305826899022072,-1.3678940092779692,0.32253314046091025
-1.2196973148570616,-1.3080326726549412,-1.3678940092779692,0.3277653667074855
-1.2174674414124311,-1.3099782053486397,-1.3678940092779692,0.33161021997840046
-1.2152375679678007,-1.3115179223485198,-1.3678940092779692,0.3335417103320905
-1.2130076945231705,-1.3134274118526066,-1.3678940092779692,0.3380144382818297
-1.2107778210785403,-1.3152820253615114,-1.3678940092779692,0.3407860137530006
-1.2085479476339096,-1.3168591339039257,-1.3678940092779692,0.34318786071843405
-1.2063180741892794,-1.31858827778746,-1.3678940092779692,0.3475769522120275
-1.2040882007446492,-1.3206515655567164,-1.3678940092779692,0.3520889856821814
-1.2018583273000187,-1.3222884554972676,-1.3678940092779692,0.35378217494884084
-1.1996284538553883,-1.323724425832043,-1.3678940092779692,0.35856019886636203
-1.1973985804107579,-1.3256773757919402,-1.3678940092779692,0.35744403559623933
-1.1951687069661276,-1.326725958795644,-1.3678940092779692,0.36383961118492636
-1.1929388335214974,-1.3270787236278305,-1.3678940092779692,0.36594875043228314
-1.190708960076867,-1.328043750256044,-1.3678940092779692,0.3683012660726273
-1.1884790866322366,-1.3295121643420904,-1.3678940092779692,0.371329688306513
-1.1862492131876061,-1.3301435311840666,-1.3678940092779692,0.3717916054423796
-1.184019339742976,-1.331000489450142,-1.3678940092779692,0.37600885068854656
-1.1817894662983457,-1.3309546448365315,-1.3678940092779692,0.3789475934319823
-1.1795595928537153,-1.3321592400089406,-1.3678940092779692,0.3823474519262635
-1.1773297194090848,-1.3331227730509687,-1.3678940092779692,0.3825519920935471
-1.1750998459644546,-1.3339362490429505,-1.3678940092779692,0.3843886092207556
-1.1728699725198242,-1.3346771996199924,-1.3678940092779692,0.38675283104570396
-1.170640099075194,-1.3347252665139915,-1.3678940092779692,0.3901626288987238
-1.1684102256305635,-1.3355352274718948,-1.3678940092779692,0.39150827868079074
-1.166180352185933,-1.3362714583874922,-1.3678940092779692,0.39252623892813127
-1.1639504787413029,-1.3366274203967394,-1.3678940092779692,0.3953944175687194
-1.1617206052966724,-1.337345904407321,-1.3678940092779692,0.39675656680388416
-1.1594907318520422,-1.337218300336276,-1.3678940092779692,0.39936417015150366
-1.1572608584074118,-1.3381260152762005,-1.3678940092779692,0.3993915778339652
-1.1550309849627813,-1.3391068013999985,-1.3678940092779692,0.40142881971135436
-1.1528011115181511,-1.339476822937135,-1.3678940092779692,0.4029934892063102
-1.1505712380735207,-1.3406866504684094,-1.3678940092779692,0.40351895971435214
-1.1483413646288902,-1.341805804604811,-1.3678940092779692,0.40684473127431353
-1.14611149118426,-1.3420405750265874,-1.3678940092779692,0.4083465588660877
-1.1438816177396298,-1.3432346704069775,-1.3678940092779692,0.40959976313927443
-1.1416517442949994,-1.3446171506682152,-1.3678940092779692,0.41084295936021725
-1.139421870850369,-1.3453512630937734,-1.3678940092779692,0.41112032051491004
-1.1371919974057385,-1.346525062047716,-1.3678940092779692,0.4135499358801419
-1.1349621239611083,-1.3476620879530787,-1.3678940092779692,0.41504099904507724
-1.132732250516478,-1.3480296799220026,-1.3678940092779692,0.41597430829400034
-1.1305023770718476,-1.3487674338872844,-1.3678940092779692,0.4179894087262661
-1.1282725036272172,-1.350690084597661,-1.3678940092779692,0.4199115882727204
-1.1260426301825868,-1.351153301138704,-1.3678940092779692,0.42273479762852484
-1.1238127567379566,-1.352484872055859,-1.3678940092779692,0.4223499924151604
-1.1215828832933263,-1.353423533488992,-1.3678940092779692,0.4237469936618426
-1.119353009848696,-1.3544196263607637,-1.3678940092779692,0.42471774904809323
-1.1171231364040655,-1.3554406859697736,-1.3678940092779692,0.4241663956954193
-1.114893262959435,-1.356109623143061,-1.3678940092779692,0.4273433424664186
-1.1126633895148048,-1.3572441020567407,-1.3678940092779692,0.42870799069742005
-1.1104335160701746,-1.3577980909689529,-1.3678940092779692,0.4323836186902085
-1.1082036426255442,-1.3587071371576804,-1.3678940092779692,0.43099684087799045
-1.1059737691809137,-1.3595379145434219,-1.3678940092779692,0.4327572808551287
-1.1037438957362835,-1.3604552226518976,-1.3678940092779692,0.43368675704826
-1.101514022291653,-1.3610463837228315,-1.3678940092779692,0.4338192269508334
-1.0992841488470226,-1.3613066987174136,-1.3678940092779692,0.4373993566295739
-1.0970542754023924,-1.3619496432405562,-1.3678940092779692,0.4382796561032045
-1.0812874934706627,-1.36533901929828,-1.3678940092779692,0.4471772590250621
-1.065520711538933,-1.3675318388156044,-1.3678940092779692,0.4535769514157281
-1.0497539296072032,-1.3699201594099493,-1.3678940092779692,0.46309417078905346
-1.0339871476754734,-1.3731741413534497,-1.3678940092779692,0.4667432070358018
-1.0182203657437439,-1.3751020080448628,-1.3678940092779692,0.4745791192081773
-1.0024535838120139,-1.3778636851387043,-1.3678940092779692,0.4815683225337003
-0.9866868018802842,-1.37978869625811,-1.3678940092779692,0.4834433537660632
-0.9709200199485545,-1.3822691226528274,-1.3678940092779692,0.4886520960780944
-0.9551532380168248,-1.3845472689452278,-1.3678940092779692,0.49386270814480077
-0.9393864560850951,-1.386399143189285,-1.3678940092779692,0.4975960494645434
-0.9236196741533653,-1.387779530951414,-1.3678940092779692,0.5007087815048893
-0.9078528922216357,-1.389538372762052,-1.3678940092779692,0.506343025317825
-0.8920861102899058,-1.391683201340271,-1.3678940092779692,0.5091139197375427
-0.8763193283581762,-1.393118536989782,-1.3678940092779692,0.5144699668027585
-0.8605525464264464,-1.3956850463943007,-1.3678940092779692,0.5168471369827672
-0.8447857644947167,-1.3972776747561029,-1.3678940092779692,0.523068364502338
-0.829018982562987,-1.3997599838544605,-1.3678940092779692,0.5244999690197338
-0.8132522006312571,-1.4018875289601478,-1.3678940092779692,0.5287469551716018
-0.7974854186995275,-1.4040017185473155,-1.3678940092779692,0.5336621404901606
-0.7817186367677978,-1.4064883456095305,-1.3678940092779692,0.5353610267273402
-0.765951854836068,-1.4084248745461507,-1.3678940092779692,0.5404961289121147
-0.7501850729043383,-1.409844384460191,-1.3678940092779692,0.5451560186283103
-0.7344182909726085,-1.411766924607042,-1.3678940092779692,0.5457042981221868
-0.7186515090408788,-1.4125748283765178,-1.3678940092779692,0.5508399562892884
-0.7028847271091492,-1.4140691165935555,-1.3678940092779692,0.5541395361075973
-0.6871179451774194,-1.4143569058604493,-1.3678940092779692,0.557766751093601
-0.6713511632456897,-1.4146866230155513,-1.3678940092779692,0.5587343506625992
-0.6555843813139598,-1.4162251143540692,-1.3678940092779692,0.5615184703725228
-0.6398175993822302,-1.4161378263239548,-1.3678940092779692,0.5661099008411269
-0.6240508174505005,-1.4160918469984856,-1.3678940092779692,0.568515537133716
-0.6082840355187707,-1.4166398943110663,-1.3678940092779692,0.5709813536081689
-0.592517253587041,-1.4168494501419386,-1.3678940092779692,0.5734721368590285
-0.5767504716553111,-1.4175328521866692,-1.3678940092779692,0.5747274422201735
-0.5609836897235815,-1.4178038565367024,-1.3678940092779692,0.5778141367322752
-0.5452169077918518,-1.418381605255645,-1.3678940092779692,0.5799476980312633
-0.5294501258601222,-1.418577693131479,-1.3678940092779692,0.5809170317206234
-0.5136833439283923,-1.4194437414416685,-1.3678940092779692,0.5853836189166605
-0.4979165619966625,-1.420088434355461,-1.3678940092779692,0.5857935309078208
-0.4821497800649328,-1.4210184629465459,-1.3678940092779692,0.5858513290139739
-0.46638299813320316,-1.4218194018540158,-1.3678940092779692,0.5893488902152979
-0.45061621620147346,-1.4226427547494036,-1.3678940092779692,0.5892998172314912
-0.43484943426974365,-1.4233130250241652,-1.3678940092779692,0.5925818926284285
-0.41908265233801384,-1.4244985055899524,-1.3678940092779692,0.5944175481829206
-0.40331587040628414,-1.4253253143962785,-1.3678940092779692,0.5938523397377742
-0.3875490884745545,-1.4259081084278995,-1.3678940092779692,0.5970166271150877
-0.3717823065428248,-1.4273476850137181,-1.3678940092779692,0.5978393435423921
-0.35601552461109515,-1.4287941978900307,-1.3678940092779692,0.599642449894517
-0.34024874267936517,-1.4294750586744096,-1.3678940092779692,0.6021589581152577
-0.3244819607476355,-1.4309865046827357,-1.3678940092779692,0.6015339334832561
-0.3087151788159058,-1.4324459009312358,-1.3678940092779692,0.6026455557596907
-0.2929483968841762,-1.4330907136654025,-1.3678940092779692,0.6042599944669058
-0.2771816149524465,-1.4341559590655149,-1.3678940092779692,0.6062415950213028
-0.2614148330207165,-1.4344389599346885,-1.3678940092779692,0.6090733122334044
-0.24564805108898682,-1.4348950296505258,-1.3678940092779692,0.6117947205416253
-0.22988126915725715,-1.4348641733020444,-1.3678940092779692,0.6142353936290488
-0.21411448722552748,-1.4355697550558557,-1.3678940092779692,0.6174605886306191
-0.19834770529379783,-1.4359970761493235,-1.3678940092779692,0.6194577144183218
-0.18258092336206785,-1.4359653867970963,-1.3678940092779692,0.6238131946455003
-0.16681414143033818,-1.437081879925384,-1.3678940092779692,0.6250806289780845
-0.1510473594986085,-1.43673978597185,-1.3678940092779692,0.6310887937260141
-0.13528057756687883,-1.4370199456188497,-1.3678940092779692,0.6320223804644561
-0.11951379563514916,-1.4381959277566445,-1.3678940092779692,0.6335413149930623
-0.10374701370341918,-1.4381469992071914,-1.3678940092779692,0.6362858609975564
-0.08798023177168951,-1.4391411588730416,-1.3678940092779692,0.6407431222833471
-0.07221344983995984,-1.4401937509807374,-1.3678940092779692,0.6428758222440184
-0.05644666790823017,-1.440797490365961,-1.3678940092779692,0.6465757828358378
-0.0406798859765005,-1.4412631444384787,-1.3678940092779692,0.6490105027922881
-0.024913104044770526,-1.4427587934490989,-1.3678940092779692,0.6510420279570013
-0.009146322113040853,-1.4436362454354932,-1.3678940092779692,0.6527368870919146
0.006620459818688821,-1.4446804388282346,-1.3678940092779692,0.6544180131264098
0.022387241750418493,-1.445566164355624,-1.3678940092779692,0.6577050039033362
0.038154023682148167,-1.4457865504162912,-1.3678940092779692,0.6610867656624451
0.05392080561387814,-1.4468397904856154,-1.3678940092779692,0.6623979576361887
0.0696875875456078,-1.447085957764865,-1.3678940092779692,0.6627990126458901
0.08545436947733748,-1.4476667422135523,-1.3678940092779692,0.6660194221653809
0.10122115140906715,-1.44777046727231,-1.3678940092779692,0.6680068624903462
0.11698793334079682,-1.448129263468627,-1.3678940092779692,0.6685200173754411
0.1327547152725265,-1.4482163218746342,-1.3678940092779692,0.6713801672223262
0.14852149720425648,-1.4488998614770572,-1.3678940092779692,0.6731806675170555
0.16428827913598615,-1.4490764860422825,-1.3678940092779692,0.6739821663342749
0.18005506106771582,-1.4495139246332314,-1.3678940092779692,0.6776254747509933
0.1958218429994455,-1.449618751205127,-1.3678940092779692,0.6801441073743735
0.21158862493117517,-1.4496670192329473,-1.3678940092779692,0.6831883054415949
0.22735540686290515,-1.4498690892734323,-1.3678940092779692,0.6859103109571457
0.24312218879463482,-1.4506700436188251,-1.3678940092779692,0.6864463088136469
0.25888897072636446,-1.4505391110503836,-1.3678940092779692,0.6900487165979643
0.27465575265809417,-1.4507915981953892,-1.3678940092779692,0.6948381141511255
0.2904225345898238,-1.4514575824827478,-1.3678940092779692,0.6983262554806088
0.3061893165215535,-1.4514746272705725,-1.3678940092779692,0.7019486408715042
0.3219560984532835,-1.4526393185958133,-1.3678940092779692,0.7090180609510566
0.33772288038501314,-1.4532099379654073,-1.3678940092779692,0.7095574484759809
0.35348966231674284,-1.453802108980712,-1.3678940092779692,0.7140117239500166
0.3692564442484725,-1.4533428375625337,-1.3678940092779692,0.7177670118675197
0.3850232261802022,-1.454016905445066,-1.3678940092779692,0.721427384209145
0.4007900081119321,-1.4546474486821055,-1.3678940092779692,0.7244287172366142
0.4165567900436618,-1.4549783828491145,-1.3678940092779692,0.7294548395047453
0.43232357197539145,-1.4557754430368612,-1.3678940092779692,0.7318376987622746
0.44809035390712115,-1.4551798127152553,-1.3678940092779692,0.7362300085621745
0.4638571358388508,-1.4561879205838961,-1.3678940092779692,0.7397582959227104
0.4796239177705808,-1.456535908685484,-1.3678940092779692,0.7440017746310532
0.4953906997023105,-1.4566789954309394,-1.3678940092779692,0.751961717390203
0.5111574816340402,-1.4570317340215413,-1.3678940092779692,0.7541327348074084
0.5269242635657698,-1.4573634084319989,-1.3678940092779692,0.7630392013668452
0.5426910454974995,-1.4578834095219992,-1.3678940092779692,0.7670931664817516
0.5584578274292294,-1.457757738851635,-1.3678940092779692,0.7745868916636225
0.5742246093609591,-1.4575776407427041,-1.3678940092779692,0.7825007153028498
0.5899913912926888,-1.457924759573626,-1.3678940092779692,0.7878289859014485
0.6057581732244185,-1.4580462124044635,-1.3678940092779692,0.7930399022808943
0.6215249551561481,-1.4588093943727378,-1.3678940092779692,0.7997552845260342
0.6372917370878778,-1.4591170000238327,-1.3678940092779692,0.8075031271606994
0.6530585190196078,-1.4590486540359238,-1.3678940092779692,0.8124461039565184
0.6688253009513374,-1.4591646700146457,-1.3678940092779692,0.819745870354288
0.6845920828830672,-1.4590412403535227,-1.3678940092779692,0.8259279247810805
0.7003588648147968,-1.4599725539120656,-1.3678940092779692,0.8315836937700414
0.7161256467465265,-1.4592443026236612,-1.3678940092779692,0.840732179383443
0.7318924286782564,-1.459872766605007,-1.3678940092779692,0.8455750954929064
0.7476592106099861,-1.460111676735338,-1.3678940092779692,0.8492689750604013
0.7634259925417158,-1.4604414085051944,-1.3678940092779692,0.8578335131382989
0.7791927744734455,-1.4607917423540928,-1.3678940092779692,0.8633382135352317
0.7825713706016733,-1.4601452166088875,-1.3678940092779692,0.8662137778726114
0.785949966729901,-1.4603903427269438,-1.3678940092779692,0.8659301683371976
0.7893285628581288,-1.4608051626463285,-1.3678940092779692,0.8679692971719786
0.7927071589863566,-1.4608452431557666,-1.3678940092779692,0.869950365430241
0.7960857551145843,-1.4606193287290652,-1.3678940092779692,0.8716724778832458
0.7994643512428122,-1.4601050362119197,-1.3678940092779692,0.8709677708198351
0.80284294737104,-1.460677288889421,-1.3678940092779692,0.873194910528865
0.8062215434992678,-1.4610607251269736,-1.3678940092779692,0.8744158109913601
0.8096001396274956,-1.4607539067940147,-1.3678940092779692,0.8755987716077626
0.8129787357557233,-1.4608021497224806,-1.3678940092779692,0.8793788996184324
0.8163573318839511,-1.4615127618867132,-1.3678940092779692,0.8793797716269274
0.8197359280121789,-1.4608246206281859,-1.3678940092779692,0.8790752504994466
0.8231145241404066,-1.4609154059688625,-1.3678940092779692,0.8826153409386515
0.8264931202686345,-1.460701750171235,-1.3678940092779692,0.8851809797264244
0.8298717163968623,-1.4604261043692863,-1.3678940092779692,0.885452633327778
0.8332503125250904,-1.4606685294521533,-1.3678940092779692,0.8842621426390881
0.8366289086533182,-1.4610970242892076,-1.3678940092779692,0.886658623069991
0.840007504781546,-1.4613716344702434,-1.3678940092779692,0.8897711128298591
0.8433861009097737,-1.4603988513929604,-1.3678940092779692,0.8891578767528688
0.8467646970380015,-1.4611365723129393,-1.3678940092779692,0.8916707101844489
0.8501432931662293,-1.461192527186728,-1.3678940092779692,0.8933628693475472
0.853521889294457,-1.4612464290402933,-1.3678940092779692,0.8930226493603548
0.8569004854226848,-1.4612283525498864,-1.3678940092779692,0.8952513990136862
0.8602790815509127,-1.461366043401833,-1.3678940092779692,0.8934310015674941
0.8636576776791405,-1.4615275072197549,-1.3678940092779692,0.897009225804044
0.8670362738073683,-1.4615627552807924,-1.3678940092779692,0.8991423898318002
0.870414869935596,-1.4614631201036579,-1.3678940092779692,0.8995085193390436
0.8737934660638238,-1.4616461038694533,-1.3678940092779692,0.9037500583627552
0.8771720621920516,-1.4617344314759226,-1.3678940092779692,0.9020488502186781
0.8805506583202793,-1.4615492609820389,-1.3678940092779692,0.9044002916477569
0.8839292544485071,-1.461689605397074,-1.3678940092779692,0.9063324212495552
0.887307850576735,-1.4612438382584996,-1.3678940092779692,0.9090042984991502
0.8906864467049628,-1.4624305484157147,-1.3678940092779692,0.9074885075967198
0.8940650428331905,-1.461435731061053,-1.3678940092779692,0.9114488780378693
0.8974436389614183,-1.4614309616922647,-1.3678940092779692,0.911657291884549
0.9008222350896461,-1.4623847503139098,-1.3678940092779692,0.9120268947102966
0.9042008312178739,-1.4619431138018266,-1.3678940092779692,0.9148318513734229
0.9075794273461016,-1.4619864516827528,-1.3678940092779692,0.9159301521325482
0.9109580234743294,-1.4623070118089458,-1.3678940092779692,0.9164922200976311
0.9143366196025573,-1.4621665811265623,-1.3678940092779692,0.918523583597595
0.9177152157307851,-1.462290879252504,-1.3678940092779692,0.9194298124535584
0.9210938118590128,-1.4615316231857778,-1.3678940092779692,0.9212899879334866
0.9244724079872406,-1.4617872750981564,-1.3678940092779692,0.9231999458005715
0.9278510041154684,-1.461723471836812,-1.3678940092779692,0.9254851764800109
0.9312296002436965,-1.4619030093390286,-1.3678940092779692,0.924022688702854
0.9346081963719243,-1.4624404581998454,-1.3678940092779692,0.9287548821141522
0.937986792500152,-1.4622985359418132,-1.3678940092779692,0.9260311054777886
0.9413653886283798,-1.4620421547545936,-1.3678940092779692,0.9291927527200906
0.9447439847566076,-1.4625369165311053,-1.3678940092779692,0.9312941995594258
0.9481225808848354,-1.4620232112446994,-1.3678940092779692,0.9323482187584914
0.9515011770130632,-1.4623057072770704,-1.3678940092779692,0.9328058719087509
0.954879773141291,-1.4623606899720272,-1.3678940092779692,0.9345817937160293
0.9582583692695188,-1.46207733594481,-1.3678940092779692,0.9356582595695428
0.9616369653977466,-1.462166135033454,-1.3678940092779692,0.9369232402850727
0.9650155615259743,-1.4624023545814326,-1.3678940092779692,0.9397235516768531
0.9683941576542021,-1.4619951316552289,-1.3678940092779692,0.9405923096036122
0.9717727537824299,-1.4626251835746094,-1.3678940092779692,0.9409037290602016
0.9751513499106577,-1.4621667522817734,-1.3678940092779692,0.9438575830687106
0.9785299460388855,-1.4621820915309895,-1.3678940092779692,0.9446266272519691
0.9819085421671133,-1.4624392680746907,-1.3678940092779692,0.9464935343877465
0.9852871382953411,-1.4622705572962549,-1.3678940092779692,0.9476716456486464
0.9886657344235689,-1.4627118867498612,-1.3678940092779692,0.9475743663336158
0.9920443305517966,-1.4621159949601141,-1.3678940092779692,0.949204524842156
0.9954229266800244,-1.4624260046949316,-1.3678940092779692,0.9518733440252913
0.9988015228082522,-1.4625221303020335,-1.3678940092779692,0.9530977652234166
1.00218011893648,-1.4620900297443402,-1.3678940092779692,0.9538278379018342
1.0055587150647078,-1.462575261135185,-1.3678940092779692,0.9553274114169223
1.0089373111929356,-1.4627699089747366,-1.3678940092779692,0.957849093467217
1.0123159073211634,-1.4628102267351244,-1.3678940092779692,0.9573412017204079
1.0156945034493912,-1.4622116526794606,-1.3678940092779692,0.959841215028229
1.019073099577619,-1.4627304771929488,-1.3678940092779692,0.9784453781512605
1.0224516957058467,-1.4618895024749805,-1.3678940092779692,0.9798319327731093
1.0258302918340745,-1.462945519122815,-1.3678940092779692,0.8931155835746762
1.0292088879623023,-1.4618980220511697,-1.3678940092779692,0.8941027272733577
1.03258748409053,-1.4623035095446466,-1.3678940092779692,0.8498109243697478
1.0359660802187578,-1.462383214045061,-1.3678940092779692,0.8510084033613444
1.0393446763469856,-1.4625011811808584,-1.3678940092779692,0.852205882352941
1.0427232724752138,-1.4622341869141073,-1.3678940092779692,0.8534033613445378
1.0461018686034416,-1.4623480423587274,-1.3678940092779692,0.8722821702181965
1.0494804647316693,-1.4620257956646756,-1.3678940092779692,0.8741392924029086
1.0528590608598971,-1.4622913523786918,-1.3678940092779692,0.8749076720716827
1.0562376569881249,-1.4622734632769874,-1.3678940092779692,0.8763575001666734
1.0596162531163527,-1.4624071304011843,-1.3678940092779692,0.8780783503027478
1.0629948492445804,-1.4623139117043928,-1.3678940092779692,0.8778876616697077
1.0663734453728082,-1.462204403023,-1.3678940092779692,0.8820209587042569
1.069752041501036,-1.4627526553042824,-1.3678940092779692,0.8801452431227019
1.0731306376292638,-1.4626435117678735,-1.3678940092779692,0.8811597609670442
1.0765092337574915,-1.4620566362832048,-1.3678940092779692,0.8847547495289622
1.0798878298857193,-1.4622052589911263,-1.3678940092779692,0.8856109904250553
1.0832664260139473,-1.4622937286489295,-1.3678940092779692,0.8866661366237748
1.086645022142175,-1.4622282687949981,-1.3678940092779692,0.8878930513916171
1.0900236182704028,-1.462127804741176,-1.3678940092779692,0.8884751481851362
1.0934022143986306,-1.4623632956864285,-1.3678940092779692,0.8888128296621276
1.0967808105268584,-1.4624196856031964,-1.3678940092779692,0.8910085776674375
1.1001594066550862,-1.4621412909676559,-1.3678940092779692,0.8914783004733617
1.103538002783314,-1.4624562899542164,-1.3678940092779692,0.8943532709939219
1.1069165989115417,-1.4620642882904207,-1.3678940092779692,0.8944537829546323
1.1102951950397695,-1.4626382963187687,-1.3678940092779692,0.8949980322149721
1.1136737911679973,-1.4618752824368881,-1.3678940092779692,0.8967248326457419
1.117052387296225,-1.4620205878099026,-1.3678940092779692,0.8986818390173008
1.1204309834244528,-1.462072310727043,-1.3678940092779692,0.8989278720858515
1.123809579552681,-1.4618639041146708,-1.3678940092779692,0.8998920653187192
1.1271881756809088,-1.4616679880969958,-1.3678940092779692,0.9021806620014079
1.1305667718091366,-1.4618408282626192,-1.3678940092779692,0.903404630436655
1.1339453679373643,-1.4626227757983135,-1.3678940092779692,0.9038754097658053
1.137323964065592,-1.4624617378465894,-1.3678940092779692,0.9051340037111884
1.1407025601938199,-1.462275403845728,-1.3678940092779692,0.9070597810297946
1.1440811563220477,-1.4620906802421114,-1.3678940092779692,0.9066023358265699
1.1474597524502754,-1.4619505404762707,-1.3678940092779692,0.9078656454693209
1.1508383485785032,-1.4622901226506178,-1.3678940092779692,0.9097773540980753
1.154216944706731,-1.4620350101579591,-1.3678940092779692,0.9115050402432461
1.1575955408349587,-1.4622927408103996,-1.3678940092779692,0.9132520840361862
1.1609741369631865,-1.4622512942575652,-1.3678940092779692,0.9156392217631679
1.1643527330914143,-1.462469906896356,-1.3678940092779692,0.9162442142450508
1.167731329219642,-1.4623362381713443,-1.3678940092779692,0.9164493051675155
1.17110992534787,-1.4624552064799299,-1.3678940092779692,0.9178129165652065
1.1744885214760978,-1.4623529411668208,-1.3678940092779692,0.9180520924841016
1.1778671176043256,-1.4617949074011665,-1.3678940092779692,0.9202587977883773
1.1812457137325534,-1.4623513765773188,-1.3678940092779692,0.9212113413610798
1.1846133366425868,-1.4613665694776248,-1.3678940092779692,0.9230414365090559
1.1879809595526205,-1.4619625422122378,-1.3678940092779692,0.9231102049538835
1.191348582462654,-1.4620540341787849,-1.3678940092779692,0.9256755003603949
1.1947162053726876,-1.4623494750777106,-1.3678940092779692,0.9279076107078743
1.198083828282721,-1.4619275184883203,-1.3678940092779692,0.9274848295951328
1.2014514511927545,-1.4622894590782833,-1.3678940092779692,0.9292140194144065
1.2048190741027882,-1.4621075640431225,-1.3678940092779692,0.9307211696327367
1.2081866970128217,-1.4614462562125645,-1.3678940092779692,0.9308485231178577
1.2115543199228553,-1.4621929288395688,-1.3678940092779692,0.932692554020272
1.2149219428328888,-1.4618634924135196,-1.3678940092779692,0.9336997718879612
1.2182895657429227,-1.4623907977618724,-1.3678940092779692,0.9350035735344463
1.2216571886529561,-1.4622233760042436,-1.3678940092779692,0.9353516056007599
1.2250248115629894,-1.4617431812537265,-1.3678940092779692,0.9373678435075922
1.2283924344730233,-1.4624251862591495,-1.3678940092779692,0.9390600495732967
1.2317600573830567,-1.4617728629908786,-1.3678940092779692,0.9412319128385642
1.2351276802930904,-1.462100705412215,-1.3678940092779692,0.9419587580055724
1.2384953032031238,-1.4624757644336503,-1.3678940092779692,0.9443713875857166
1.2418629261131573,-1.462171641075267,-1.3678940092779692,0.9426695755140349
1.245230549023191,-1.4621051243668228,-1.3678940092779692,0.9455279616623617
1.2485981719332244,-1.4622310059102497,-1.3678940092779692,0.9460577009800972
1.251965794843258,-1.46286699795052,-1.3678940092779692,0.9492828798562946
1.2553334177532915,-1.4626665340675766,-1.3678940092779692,0.9475034965864397
1.258701040663325,-1.462568155350933,-1.3678940092779692,0.948690790978332
1.2620686635733587,-1.4625561736472121,-1.3678940092779692,0.9501498381237867
1.2654362864833921,-1.4624018217369594,-1.3678940092779692,0.9498440529936388
1.268803909393426,-1.4625635628127938,-1.3678940092779692,0.9526609116449859
1.2721715323034593,-1.4630226527013035,-1.3678940092779692,0.9536462519538309
1.2755391552134931,-1.4625920683813367,-1.3678940092779692,0.9557744963505788
1.2789067781235266,-1.4625735242731221,-1.3678940092779692,0.9571845764885976
1.28227440103356,-1.462634583199373,-1.3678940092779692,0.9599377093007543
1.2856420239435937,-1.4625397358098093,-1.3678940092779692,0.9602306802484424
1.2890096468536272,-1.462658950917894,-1.3678940092779692,0.9599220707033119
1.2923772697636609,-1.4628155391739606,-1.3678940092779692,0.960819277636344
1.2957448926736943,-1.4630169136448932,-1.3678940092779692,0.9634283294279167
1.2991125155837278,-1.4635135303599296,-1.3678940092779692,0.9628348949981075
1.3024801384937614,-1.46299571283402,-1.3678940092779692,0.9672053049197005
1.3058477614037949,-1.463118681373279,-1.3678940092779692,0.9677720042232852
1.3092153843138286,-1.4631649520746037,-1.3678940092779692,0.9673421063991774
1.312583007223862,-1.4636586951741741,-1.3678940092779692,0.9673168654709091
-1.3624092153134038,0.9148512066915789,0.37306200253035526,0.034473376930140756
-1.3601793418687733,0.9084184887016289,0.37306200253035526,0.040749072443024836
-1.357949468424143,0.9031412108462558,0.37306200253035526,0.04848202810131054
-1.3557195949795124,0.8970595461854778,0.37306200253035526,0.056330887961053094
-1.3534897215348822,0.8923606225142271,0.37306200253035526,0.06156392586425242
-1.351259848090252,0.887854407416128,0.37306200253035526,0.06856105287972682
-1.3490299746456216,0.8834679562789176,0.37306200253035526,0.07736858958372728
-1.3468001012009914,0.8791826000596169,0.37306200253035526,0.08353826163323436
-1.3445702277563611,0.8755553358324674,0.37306200253035526,0.0892602527287999
-1.3423403543117305,0.8713642041107832,0.37306200253035526,0.09719882431424004
-1.3401104808671003,0.868069296118292,0.37306200253035526,0.10307720754950074
-1.3378806074224698,0.8647400055462036,0.37306200253035526,0.10990726714661614
-1.3356507339778396,0.8615702776807707,0.37306200253035526,0.1173855283863137
-1.3334208605332092,0.8584440926640078,0.37306200253035526,0.12192923951181335
-1.331190987088579,0.8548289943170612,0.37306200253035526,0.12873512686331784
-1.3289611136439485,0.8516551834396008,0.37306200253035526,0.13642404027405994
-1.326731240199318,0.8493928738012003,0.37306200253035526,0.1423987248290209
-1.3245013667546879,0.846089709863326,0.37306200253035526,0.15004017140109788
-1.3222714933100574,0.8427295599100829,0.37306200253035526,0.15501413276622694
-1.3200416198654272,0.8402889133787169,0.37306200253035526,0.16058678813968408
-1.3178117464207968,0.8368116690530941,0.37306200253035526,0.16942212040421117
-1.3155818729761664,0.8340282088256306,0.37306200253035526,0.17356826249304536
-1.3133519995315361,0.8306565182283753,0.37306200253035526,0.1795790640894074
-1.3111221260869057,0.828163589536616,0.37306200253035526,0.18368395729161208
-1.3088922526422753,0.8250660583588066,0.37306200253035526,0.19004090741729807
-1.306662379197645,0.8215383693892281,0.37306200253035526,0.19605195503539558
-1.3044325057530146,0.8189490215938777,0.37306200253035526,0.2000246813809638
-1.3022026323083844,0.8159887286962687,0.37306200253035526,0.20666486992080882
-1.299972758863754,0.8133744015140314,0.37306200253035526,0.210684638415345
-1.2977428854191235,0.8099648543232635,0.37306200253035526,0.2158793372009072
-1.2955130119744933,0.8076970259273657,0.37306200253035526,0.22035187557708166
-1.2932831385298629,0.8051100267465349,0.37306200253035526,0.2274923577561425
-1.2910532650852327,0.8016686622502175,0.37306200253035526,0.23022417462346795
-1.2888233916406022,0.7991830765176773,0.37306200253035526,0.23369579684061
-1.2865935181959718,0.7963136168803965,0.37306200253035526,0.24001728099835484
-1.2843636447513416,0.7941731790703682,0.37306200253035526,0.24234766189883009
-1.2821337713067114,0.7918129739025634,0.37306200253035526,0.24809082850275685
-1.279903897862081,0.7893858730049644,0.37306200253035526,0.25018259278976285
-1.2776740244174505,0.7863300433751986,0.37306200253035526,0.2550276680975432
-1.2754441509728203,0.7840826629173562,0.37306200253035526,0.26071975116471485
-1.2732142775281898,0.7805670271867207,0.37306200253035526,0.2653786284159655
-1.2709844040835596,0.7777919687221174,0.37306200253035526,0.2688757983611154
-1.2687545306389292,0.7755673726821157,0.37306200253035526,0.27259680659043434
-1.2665246571942987,0.7730224201282572,0.37306200253035526,0.276359892731183
-1.2642947837496685,0.7702614141867755,0.37306200253035526,0.27906829296351804
-1.262064910305038,0.7670811801123247,0.37306200253035526,0.2836468264578779
-1.2598350368604077,0.7650438522400145,0.37306200253035526,0.28765668500508484
-1.2576051634157772,0.7621664610337682,0.37306200253035526,0.29285265672153127
-1.255375289971147,0.7602188318705878,0.37306200253035526,0.29574168132575485
-1.2531454165265168,0.7576984980403272,0.37306200253035526,0.2971586294554148
-1.2509155430818863,0.7549643592597327,0.37306200253035526,0.3026871984005914
-1.248685669637256,0.7527790630526554,0.37306200253035526,0.30533407542913804
-1.2464557961926257,0.750402975819278,0.37306200253035526,0.30830972951174446
-1.2442259227479953,0.7485288848291318,0.37306200253035526,0.3127805307504839
-1.241996049303365,0.7467221410747162,0.37306200253035526,0.31631050704947855
-1.2397661758587346,0.7441438436482267,0.37306200253035526,0.31926460127872747
-1.2375363024141042,0.7425423865616708,0.37306200253035526,0.32050578828784915
-1.235306428969474,0.740257406714046,0.37306200253035526,0.32402005955705504
-1.2330765555248435,0.7381830231062566,0.37306200253035526,0.3276320934080609
-1.2308466820802133,0.7363520568565658,0.37306200253035526,0.3312499355209896
-1.2286168086355829,0.7340408881691182,0.37306200253035526,0.3327854893982332
-1.2263869351909524,0.7320685502890852,0.37306200253035526,0.33610070117816965
-1.2241570617463222,0.7297188477487785,0.37306200253035526,0.3382478554276685
-1.2219271883016918,0.7283379191865432,0.37306200253035526,0.3412866582040635
-1.2196973148570616,0.7254525762304858,0.37306200253035526,0.34649946945009946
-1.2174674414124311,0.7227991990694713,0.37306200253035526,0.3503249077204751
-1.2152375679678007,0.7205315448054549,0.37306200253035526,0.3522369830736259
-1.2130076945231705,0.7178830090669336,0.37306200253035526,0.35669029602282576
-1.2107778210785403,0.7152872241798167,0.37306200253035526,0.35944245649345735
-1.2085479476339096,0.7129758029419335,0.37306200253035526,0.3618248884583515
-1.2063180741892794,0.7105281888721936,0.37306200253035526,0.3661945649514056
-1.2040882007446492,0.7077712572525159,0.37306200253035526,0.3706871834210202
-1.2018583273000187,0.705474533623847,0.37306200253035526,0.37236095768714034
-1.1996284538553883,0.7034215235897792,0.37306200253035526,0.37711956660412227
-1.1973985804107579,0.700902629672983,0.37306200253035526,0.37598398833346025
-1.1951687069661276,0.6993398548718358,0.37306200253035526,0.38236014892160797
-1.1929388335214974,0.6985205058245914,0.37306200253035526,0.38444987316842544
-1.190708960076867,0.6971322836750815,0.37306200253035526,0.3867829738082303
-1.1884790866322366,0.6952798438728749,0.37306200253035526,0.38979198104157664
-1.1862492131876061,0.6942994022312532,0.37306200253035526,0.39023448317690396
-1.184019339742976,0.693124101193419,0.37306200253035526,0.39443231342253166
-1.1817894662983457,0.692878116174536,0.37306200253035526,0.3973516411654281
-1.1795595928537153,0.6914039856202723,0.37306200253035526,0.40073208465917
-1.1773297194090848,0.6901889925584056,0.37306200253035526,0.4009172098259143
-1.1750998459644546,0.6891379130199748,0.37306200253035526,0.4027344119525834
-1.1728699725198242,0.6881689964812506,0.37306200253035526,0.4050792187769925
-1.170640099075194,0.6878983823217119,0.37306200253035526,0.40846960162947304
-1.1684102256305635,0.686867073905787,0.37306200253035526,0.4097958364110007
-1.166180352185933,0.6859064764510603,0.37306200253035526,0.4107943816578019
-1.1639504787413029,0.6853189099329536,0.37306200253035526,0.41364314529785073
-1.1617206052966724,0.6843573645551563,0.37306200253035526,0.4149858795324762
-1.1594907318520422,0.6842262315120065,0.37306200253035526,0.41757406787955637
-1.1572608584074118,0.6830401510906435,0.37306200253035526,0.41758206056147856
-1.1550309849627813,0.6817607523079111,0.37306200253035526,0.4195998874383285
-1.1528011115181511,0.6810735218855365,0.37306200253035526,0.421145141932745
-1.1505712380735207,0.6795295837434729,0.37306200253035526,0.42165119744024765
-1.1483413646288902,0.6780611117714838,0.37306200253035526,0.4249575539996697
-1.14611149118426,0.6774635107900744,0.37306200253035526,0.4264399665909046
-1.1438816177396298,0.6758947666267558,0.37306200253035526,0.427673755863552
-1.1416517442949994,0.6741275138600479,0.37306200253035526,0.4288975370839555
-1.139421870850369,0.6730001997072297,0.37306200253035526,0.429155483238109
-1.1371919974057385,0.6714264643049893,0.37306200253035526,0.43156568360280156
-1.1349621239611083,0.6698844617310441,0.37306200253035526,0.4330373317671976
-1.132732250516478,0.6691085473740052,0.37306200253035526,0.4339512260155814
-1.1305023770718476,0.6679608198018283,0.37306200253035526,0.43594691144730785
-1.1282725036272172,0.6656282387665288,0.37306200253035526,0.43784967599322283
-1.1260426301825868,0.6647568296832863,0.37306200253035526,0.44065347034848795
-1.1238127567379566,0.663020498507409,0.37306200253035526,0.4402492501345842
-1.1215828832933263,0.6616822035997829,0.37306200253035526,0.44162683638072714
-1.119353009848696,0.6602932985384984,0.37306200253035526,0.44257817676643846
-1.1171231364040655,0.6588879425257108,0.37306200253035526,0.4420074084132252
-1.114893262959435,0.6578449192351297,0.37306200253035526,0.4451649401836852
-1.1126633895148048,0.6563482589913958,0.37306200253035526,0.44651017341414734
-1.1104335160701746,0.6554456880371191,0.37306200253035526,0.4501663864063965
-1.1082036426255442,0.6542033535950703,0.37306200253035526,0.4487601935936391
-1.1059737691809137,0.6530562762455021,0.37306200253035526,0.4505012185702381
-1.1037438957362835,0.6518413509634478,0.37306200253035526,0.4514112797628301
-1.101514022291653,0.6509729500099345,0.37306200253035526,0.4515243346648642
-1.0992841488470226,0.6504574610950553,0.37306200253035526,0.4550850493430654
-1.0970542754023924,0.6495818926551242,0.37306200253035526,0.45594593381615667
-1.0812874934706627,0.6449815704745836,0.37306200253035526,0.4647062589564232
-1.065520711538933,0.6417772139843186,0.37306200253035526,0.4709686735654982
-1.0497539296072032,0.6383455969586252,0.37306200253035526,0.4803486151572325
-1.0339871476754734,0.6340413693915975,0.37306200253035526,0.48386037362238976
-1.0182203657437439,0.6310821772897194,0.37306200253035526,0.4915590080131742
-1.0024535838120139,0.6273339644037135,0.37306200253035526,0.49841093355710614
-0.9866868018802842,0.62448866562464,0.37306200253035526,0.500148687007878
-0.9709200199485545,0.6211502935221898,0.37306200253035526,0.5052201515383181
-0.9551532380168248,0.6180635885045495,0.37306200253035526,0.5102934858234335
-0.9393864560850951,0.6154395763636578,0.37306200253035526,0.513889549361585
-0.9236196741533653,0.6133105053790149,0.37306200253035526,0.5168650036203399
-0.9078528922216357,0.6108134688660986,0.37306200253035526,0.5223619696516846
-0.8920861102899058,0.6079279679517519,0.37306200253035526,0.5249955862898112
-0.8763193283581762,0.6057365161781778,0.37306200253035526,0.530214355573436
-0.8605525464264464,0.6023854807075752,0.37306200253035526,0.5324542479718536
-0.8447857644947167,0.5999669501835839,0.37306200253035526,0.5385381977098334
-0.829018982562987,0.5966047388199625,0.37306200253035526,0.5398325244456381
-0.8132522006312571,0.5935502442406462,0.37306200253035526,0.543942232815915
-0.7974854186995275,0.5904988200071276,0.37306200253035526,0.5487201403528829
-0.7817186367677978,0.5871039378565605,0.37306200253035526,0.5502817488084714
-0.765951854836068,0.5843273981203096,0.37306200253035526,0.5552795732116549
-0.7501850729043383,0.5821752576479726,0.37306200253035526,0.5598021851462593
-0.7344182909726085,0.5796493570056555,0.37306200253035526,0.5602131868585448
-0.7186515090408788,0.5783548235594717,0.37306200253035526,0.5652115672440554
-0.7028847271091492,0.5764740079392977,0.37306200253035526,0.5683738692807732
-0.6871179451774194,0.5758831649976531,0.37306200253035526,0.5718638064851859
-0.6713511632456897,0.5753172393509994,0.37306200253035526,0.572694128272593
-0.6555843813139598,0.5735927561589426,0.37306200253035526,0.5753409702009256
-0.6398175993822302,0.5735276404283434,0.37306200253035526,0.5797951228879387
-0.6240508174505005,0.5734381755407393,0.37306200253035526,0.5820634813989367
-0.6082840355187707,0.5727550150175381,0.37306200253035526,0.5843920200917986
-0.592517253587041,0.5723959275590056,0.37306200253035526,0.5867455255610671
-0.5767504716553111,0.5715443053500188,0.37306200253035526,0.587863553140621
-0.5609836897235815,0.5710857534684485,0.37306200253035526,0.5908129698711317
-0.5452169077918518,0.5703004945678462,0.37306200253035526,0.5928092533885287
-0.5294501258601222,0.5698762985773819,0.37306200253035526,0.5936413092962978
-0.5136833439283923,0.5687609089367497,0.37306200253035526,0.5979706187107438
-0.4979165619966625,0.567845006193857,0.37306200253035526,0.5982432529203131
-0.4821497800649328,0.5666212639921703,0.37306200253035526,0.5981637732448751
-0.46638299813320316,0.5655034724097503,0.37306200253035526,0.6015240566646081
-0.45061621620147346,0.5643394924922227,0.37306200253035526,0.6013377058992103
-0.43484943426974365,0.5633041855652845,0.37306200253035526,0.6044825035145566
-0.41908265233801384,0.5617286234344406,0.37306200253035526,0.6061808812874576
-0.40331587040628414,0.56048623101054,0.37306200253035526,0.6054783950607202
-0.3875490884745545,0.5594664035221855,0.37306200253035526,0.6085054046564426
-0.3717823065428248,0.5575771467517018,0.37306200253035526,0.609190843302156
-0.35601552461109515,0.555677336567434,0.37306200253035526,0.6108566718726898
-0.34024874267936517,0.5545485909564526,0.37306200253035526,0.6132359023118394
-0.3244819607476355,0.5526037022075209,0.37306200253035526,0.6124735998982469
-0.3087151788159058,0.5507343349090547,0.37306200253035526,0.6134479443930904
-0.2929483968841762,0.5497120524202029,0.37306200253035526,0.6149251053187145
-0.2771816149524465,0.5483108681653311,0.37306200253035526,0.6167694280915204
-0.2614148330207165,0.5477424889459653,0.37306200253035526,0.619463867522031
-0.24564805108898682,0.5470596640939782,0.37306200253035526,0.6220479980486608
-0.22988126915725715,0.546917070388664,0.37306200253035526,0.6243513933544932
-0.21411448722552748,0.546076253921875,0.37306200253035526,0.6274393105744726
-0.19834770529379783,0.5455366010993624,0.37306200253035526,0.629299158580584
-0.18258092336206785,0.54546354934959,0.37306200253035526,0.6335173610261716
-0.16681414143033818,0.5442345933894625,0.37306200253035526,0.6346475175771648
-0.1510473594986085,0.5444411904244297,0.37306200253035526,0.6405184045435033
-0.13528057756687883,0.5439871874152489,0.37306200253035526,0.6413147135003543
-0.11951379563514916,0.5425858390776754,0.37306200253035526,0.6426963702473694
-0.10374701370341918,0.542360488296594,0.37306200253035526,0.6453036384702724
-0.08798023177168951,0.5410528212534081,0.37306200253035526,0.6496236219744721
-0.07221344983995984,0.5396572121799527,0.37306200253035526,0.6516190441535523
-0.05644666790823017,0.5386906646989207,0.37306200253035526,0.6551817269637807
-0.0406798859765005,0.5378521298589217,0.37306200253035526,0.6574791691386399
-0.024913104044770526,0.535983245867523,0.37306200253035526,0.6593734165217621
-0.009146322113040853,0.5347419231454301,0.37306200253035526,0.6609309978750844
0.006620459818688821,0.5333529417204456,0.37306200253035526,0.6624748461279885
0.022387241750418493,0.5321512293226447,0.37306200253035526,0.6656245591233239
0.038154023682148167,0.5316528507664628,0.37306200253035526,0.6688690431008416
0.05392080561387814,0.5303609465634868,0.37306200253035526,0.6700429572929942
0.0696875875456078,0.5299107274515895,0.37306200253035526,0.6703067345211047
0.08545436947733748,0.5291556317821651,0.37306200253035526,0.6733898662590043
0.10122115140906715,0.5289024644254849,0.37306200253035526,0.6752400288023787
0.11698793334079682,0.5284142231649644,0.37306200253035526,0.6756159059058824
0.1327547152725265,0.5282128452393781,0.37306200253035526,0.6783387779711765
0.14852149720425648,0.5274252399729049,0.37306200253035526,0.6800020004843148
0.16428827913598615,0.5271499319100641,0.37306200253035526,0.680666221519943
0.18005506106771582,0.5266143202988374,0.37306200253035526,0.6841722521550705
0.1958218429994455,0.5264069594949076,0.37306200253035526,0.6865536069968595
0.21158862493117517,0.5262469244024103,0.37306200253035526,0.68946052728249
0.22735540686290515,0.525920181422411,0.37306200253035526,0.6920452550164498
0.24312218879463482,0.524982228292237,0.37306200253035526,0.6924439750913598
0.25888897072636446,0.5249653591893987,0.37306200253035526,0.6959091050940862
0.27465575265809417,0.5245557904453803,0.37306200253035526,0.7005612248656563
0.2904225345898238,0.5237249675900444,0.37306200253035526,0.7039120884135486
0.3061893165215535,0.5235368502240413,0.37306200253035526,0.707397196022853
0.3219560984532835,0.5221963752691912,0.37306200253035526,0.7143293383208142
0.33772288038501314,0.5214467841773216,0.37306200253035526,0.7147314480641476
0.35348966231674284,0.5206739763058428,0.37306200253035526,0.7190484457565921
0.3692564442484725,0.520952468692715,0.37306200253035526,0.7226664558925042
0.3850232261802022,0.520099002562511,0.37306200253035526,0.7261895504525385
0.4007900081119321,0.5192919648202012,0.37306200253035526,0.7290536056984166
0.4165567900436618,0.5187889628490899,0.37306200253035526,0.7339424501849567
0.43232357197539145,0.5178257845171768,0.37306200253035526,0.7361880316608949
0.44809035390712115,0.5182627693133162,0.37306200253035526,0.7404430636792038
0.4638571358388508,0.5171050114966789,0.37306200253035526,0.7438340732581487
0.4796239177705808,0.5166178919833284,0.37306200253035526,0.7479402741849004
0.4953906997023105,0.5163475423531023,0.37306200253035526,0.7535945252079965
0.5111574816340402,0.515878973740295,0.37306200253035526,0.7541327348074084
0.5269242635657698,0.5154414130650309,0.37306200253035526,0.7630392013668452
0.5426910454974995,0.5148239667468956,0.37306200253035526,0.7670931664817516
0.5584578274292294,0.5148591305050725,0.37306200253035526,0.7745868916636225
0.5742246093609591,0.5149541602082633,0.37306200253035526,0.7825007153028498
0.5899913912926888,0.5145262313590471,0.37306200253035526,0.7878289859014485
0.6057581732244185,0.5143276508760976,0.37306200253035526,0.7930399022808943
0.6215249551561481,0.5134905147205465,0.37306200253035526,0.7997552845260342
0.6372917370878778,0.5131116194456604,0.37306200253035526,0.8075031271606994
0.6530585190196078,0.513110831471915,0.37306200253035526,0.8124461039565184
0.6688253009513374,0.5129273282923267,0.37306200253035526,0.819745870354288
0.6845920828830672,0.512984408612022,0.37306200253035526,0.8259279247810805
0.7003588648147968,0.5119873746701401,0.37306200253035526,0.8315836937700414
0.7161256467465265,0.5126500256319466,0.37306200253035526,0.840732179383443
0.7318924286782564,0.5119555724793935,0.37306200253035526,0.8455750954929064
0.7476592106099861,0.5116497754318994,0.37306200253035526,0.8492689750604013
0.7634259925417158,0.5112517500975711,0.37306200253035526,0.8578335131382989
0.7791927744734455,0.5108312071355459,0.37306200253035526,0.8633382135352317
0.7825713706016733,0.5114623899853824,0.37306200253035526,0.8662137778726114
0.785949966729901,0.5112018046377588,0.37306200253035526,0.8659301683371976
0.7893285628581288,0.5107714041471992,0.37306200253035526,0.8679692971719786
0.7927071589863566,0.5107156167175662,0.37306200253035526,0.869950365430241
0.7960857551145843,0.5109256928676417,0.37306200253035526,0.8716724778832458
0.7994643512428122,0.51142401074432,0.37306200253035526,0.8709677708198351
0.80284294737104,0.5108356420550979,0.37306200253035526,0.873194910528865
0.8062215434992678,0.5104359434271589,0.37306200253035526,0.8744158109913601
0.8096001396274956,0.5107263479836563,0.37306200253035526,0.8755987716077626
0.8129787357557233,0.5106615348852424,0.37306200253035526,0.8793788996184324
0.8163573318839511,0.509934191150163,0.37306200253035526,0.8793797716269274
0.8197359280121789,0.5106054344339092,0.37306200253035526,0.8790752504994466
0.8231145241404066,0.5104975855175492,0.37306200253035526,0.8826153409386515
0.8264931202686345,0.5106940301935616,0.37306200253035526,0.8851809797264244
0.8298717163968623,0.5109523385725545,0.37306200253035526,0.885452633327778
0.8332503125250904,0.5106924710099804,0.37306200253035526,0.8842621426390881
0.8366289086533182,0.5102464498810562,0.37306200253035526,0.886658623069991
0.840007504781546,0.5099542508405772,0.37306200253035526,0.8897711128298591
0.8433861009097737,0.5109094037354349,0.37306200253035526,0.8891578767528688
0.8467646970380015,0.5101540325546373,0.37306200253035526,0.8916707101844489
0.8501432931662293,0.5100804285862255,0.37306200253035526,0.8933628693475472
0.853521889294457,0.510008900048824,0.37306200253035526,0.8930226493603548
0.8569004854226848,0.5100093935107703,0.37306200253035526,0.8952513990136862
0.8602790815509127,0.5098541845303279,0.37306200253035526,0.8934310015674941
0.8636576776791405,0.5096752887284649,0.37306200253035526,0.897009225804044
0.8670362738073683,0.5096227160726311,0.37306200253035526,0.8991423898318002
0.870414869935596,0.509705155288703,0.37306200253035526,0.8995085193390436
0.8737934660638238,0.5095051254401686,0.37306200253035526,0.9037500583627552
0.8771720621920516,0.5093999228738733,0.37306200253035526,0.9020488502186781
0.8805506583202793,0.5095684107754345,0.37306200253035526,0.9044002916477569
0.8839292544485071,0.5094115973801684,0.37306200253035526,0.9063324212495552
0.887307850576735,0.5098411303951954,0.37306200253035526,0.9090042984991502
0.8906864467049628,0.508638442215703,0.37306200253035526,0.9074885075967198
0.8940650428331905,0.5096175588939498,0.37306200253035526,0.9114488780378693
0.8974436389614183,0.5096069261767747,0.37306200253035526,0.911657291884549
0.9008222350896461,0.508638055304206,0.37306200253035526,0.9120268947102966
0.9042008312178739,0.5090649506449955,0.37306200253035526,0.9148318513734229
0.9075794273461016,0.5090072339169959,0.37306200253035526,0.9159301521325482
0.9109580234743294,0.5086726785125383,0.37306200253035526,0.9164922200976311
0.9143366196025573,0.5087995187300576,0.37306200253035526,0.918523583597595
0.9177152157307851,0.5086620561972395,0.37306200253035526,0.9194298124535584
0.9210938118590128,0.5094085951596676,0.37306200253035526,0.8530546938158394
0.9244724079872406,0.5091406946901589,0.37306200253035526,0.8548638113467899
0.9278510041154684,0.5091927391861307,0.37306200253035526,0.8570482016900949
0.9312296002436965,0.5090019539548887,0.37306200253035526,0.9423949579831934
0.9346081963719243,0.5084537896459835,0.37306200253035526,0.8150840336134454
0.937986792500152,0.5085855499814537,0.37306200253035526,0.8572916096794692
0.9413653886283798,0.5088323440162269,0.37306200253035526,0.8603524165856368
0.9447439847566076,0.5083285897863988,0.37306200253035526,0.8186764705882353
0.9481225808848354,0.5088338980732215,0.37306200253035526,0.8374154456492476
0.9515011770130632,0.5085435867459182,0.37306200253035526,0.8377344433373223
0.954879773141291,0.5084813563530486,0.37306200253035526,0.8393717096824158
0.9582583692695188,0.5087580161717408,0.37306200253035526,0.8403095200737445
0.9616369653977466,0.50866306225633,0.37306200253035526,0.8414358453270894
0.9650155615259743,0.5084212131557111,0.37306200253035526,0.8440975012566849
0.9683941576542021,0.5088233176957696,0.37306200253035526,0.8448276037212591
0.9717727537824299,0.5081886444491089,0.37306200253035526,0.8450003677156637
0.9751513499106577,0.5086429373658984,0.37306200253035526,0.8478155662619878
0.9785299460388855,0.5086239285842387,0.37306200253035526,0.8484459549830614
0.9819085421671133,0.5083635372440646,0.37306200253035526,0.850174206656654
0.9852871382953411,0.5085294738543699,0.37306200253035526,0.851213662455369
0.9886657344235689,0.5080857967533412,0.37306200253035526,0.8509777276781536
0.9920443305517966,0.5086797533087455,0.37306200253035526,0.8524692307245089
0.9954229266800244,0.5083682066450332,0.37306200253035526,0.8549993944454594
0.9988015228082522,0.5082709283068525,0.37306200253035526,0.8560851601813998
1.00218011893648,0.5087022462236536,0.37306200253035526,0.8566765773976324
1.0055587150647078,0.5082165881744709,0.37306200253035526,0.8580374954505356
1.0089373111929356,0.5080218555515055,0.37306200253035526,0.8604205220386455
1.0123159073211634,0.5079817807749973,0.37306200253035526,0.8597739748296516
1.0156945034493912,0.5085809114742021,0.37306200253035526,0.8621353326752876
1.019073099577619,0.5080629431562864,0.37306200253035526,0.8626087317173139
1.0224516957058467,0.5089050595142276,0.37306200253035526,0.8638159322421509
1.0258302918340745,0.5078504558431346,0.37306200253035526,0.8663550793729955
1.0292088879623023,0.5088996231206587,0.37306200253035526,0.8673044079456266
1.03258748409053,0.5084960489545685,0.37306200253035526,0.8685151903082695
1.0359660802187578,0.5084184867954163,0.37306200253035526,0.8702298485550535
1.0393446763469856,0.5083028769071275,0.37306200253035526,0.870168062665162
1.0427232724752138,0.5085724292200002,0.37306200253035526,0.8720517008704546
1.0461018686034416,0.5084613185124854,0.37306200253035526,0.8722821702181965
1.0494804647316693,0.5087864825269949,0.37306200253035526,0.8741392924029086
1.0528590608598971,0.5085240016091577,0.37306200253035526,0.8749076720716827
1.0562376569881249,0.5085451108751308,0.37306200253035526,0.8763575001666734
1.0596162531163527,0.508414794175662,0.37306200253035526,0.8780783503027478
1.0629948492445804,0.5085114794500107,0.37306200253035526,0.8778876616697077
1.0663734453728082,0.5086245567541572,0.37306200253035526,0.8820209587042569
1.069752041501036,0.5080799610331955,0.37306200253035526,0.8801452431227019
1.0731306376292638,0.5081928349598599,0.37306200253035526,0.8811597609670442
1.0765092337574915,0.5087835005570889,0.37306200253035526,0.8847547495289622
1.0798878298857193,0.5086387135764016,0.37306200253035526,0.8856109904250553
1.0832664260139473,0.5085541111528752,0.37306200253035526,0.8866661366237748
1.086645022142175,0.5086234556404947,0.37306200253035526,0.8878930513916171
1.0900236182704028,0.5087278076197853,0.37306200253035526,0.8884751481851362
1.0934022143986306,0.5084961937841512,0.37306200253035526,0.8888128296621276
1.0967808105268584,0.5084436560535196,0.37306200253035526,0.8910085776674375
1.1001594066550862,0.5087258638440836,0.37306200253035526,0.8914783004733617
1.103538002783314,0.5084146248738041,0.37306200253035526,0.8943532709939219
1.1069165989115417,0.5088103193075069,0.37306200253035526,0.8944537829546323
1.1102951950397695,0.5082399226950604,0.37306200253035526,0.8949980322149721
1.1136737911679973,0.5090064525312061,0.37306200253035526,0.8967248326457419
1.117052387296225,0.5088645535431892,0.37306200253035526,0.8986818390173008
1.1204309834244528,0.5088161133341494,0.37306200253035526,0.8989278720858515
1.123809579552681,0.5090276648700915,0.37306200253035526,0.8998920653187192
1.1271881756809088,0.5092265739191766,0.37306200253035526,0.9021806620014079
1.1305667718091366,0.5090565607851726,0.37306200253035526,0.903404630436655
1.1339453679373643,0.5082772601736751,0.37306200253035526,0.9038754097658053
1.137323964065592,0.508440750834544,0.37306200253035526,0.9051340037111884
1.1407025601938199,0.508629329221866,0.37306200253035526,0.9070597810297946
1.1440811563220477,0.5088160747816272,0.37306200253035526,0.9066023358265699
1.1474597524502754,0.5089579999656665,0.37306200253035526,0.9078656454693209
1.1508383485785032,0.508619952563942,0.37306200253035526,0.9097773540980753
1.154216944706731,0.5088763350760142,0.37306200253035526,0.9115050402432461
1.1575955408349587,0.5086195955821492,0.37306200253035526,0.9132520840361862
1.1609741369631865,0.5086617403250893,0.37306200253035526,0.9156392217631679
1.1643527330914143,0.5084435188003026,0.37306200253035526,0.9162442142450508
1.167731329219642,0.508577257455587,0.37306200253035526,0.9164493051675155
1.17110992534787,0.5084580237859119,0.37306200253035526,0.9178129165652065
1.1744885214760978,0.5085596743389371,0.37306200253035526,0.9180520924841016
1.1778671176043256,0.5091167298378825,0.37306200253035526,0.9202587977883773
1.1812457137325534,0.508558904780766,0.37306200253035526,0.9212113413610798
1.1846133366425868,0.5095419706028465,0.37306200253035526,0.9230414365090559
1.1879809595526205,0.5089438534385018,0.37306200253035526,0.9231102049538835
1.191348582462654,0.5088497999194855,0.37306200253035526,0.9256755003603949
1.1947162053726876,0.5085513663747371,0.37306200253035526,0.9279076107078743
1.198083828282721,0.5089698852543322,0.37306200253035526,0.9274848295951328
1.2014514511927545,0.5086040479199836,0.37306200253035526,0.9292140194144065
1.2048190741027882,0.5087815732055493,0.37306200253035526,0.9307211696327367
1.2081866970128217,0.5094380243106866,0.37306200253035526,0.9308485231178577
1.2115543199228553,0.5086859940118167,0.37306200253035526,0.932692554020272
1.2149219428328888,0.5090095578489388,0.37306200253035526,0.9336997718879612
1.2182895657429227,0.5084758510239784,0.37306200253035526,0.9350035735344463
1.2216571886529561,0.5086363284467015,0.37306200253035526,0.9353516056007599
1.2250248115629894,0.5091090220333966,0.37306200253035526,0.9373678435075922
1.2283924344730233,0.5084189450646165,0.37306200253035526,0.9390600495732967
1.2317600573830567,0.5090626115993802,0.37306200253035526,0.9412319128385642
1.2351276802930904,0.5087255137037651,0.37306200253035526,0.9419587580055724
1.2384953032031238,0.5083405864966629,0.37306200253035526,0.9443713875857166
1.2418629261131573,0.5086342149873734,0.37306200253035526,0.9426695755140349
1.245230549023191,0.5086895961755205,0.37306200253035526,0.9455279616623617
1.2485981719332244,0.5085519244885552,0.37306200253035526,0.9460577009800972
1.251965794843258,0.5079034737108862,0.37306200253035526,0.9492828798562946
1.2553334177532915,0.5080907962919538,0.37306200253035526,0.9475034965864397
1.258701040663325,0.5081753371716238,0.37306200253035526,0.948690790978332
1.2620686635733587,0.5081727705326591,0.37306200253035526,0.9501498381237867
1.2654362864833921,0.5083118496238935,0.37306200253035526,0.9498440529936388
1.268803909393426,0.5081340972820914,0.37306200253035526,0.9526609116449859
1.2721715323034593,0.5076582437100461,0.37306200253035526,0.9536462519538309
1.2755391552134931,0.5080712979582912,0.37306200253035526,0.9557744963505788
1.2789067781235266,0.5080715316359801,0.37306200253035526,0.9571845764885976
1.28227440103356,0.5079913679497822,0.37306200253035526,0.9599377093007543
1.2856420239435937,0.5080663022793601,0.37306200253035526,0.9602306802484424
1.2890096468536272,0.507926351840631,0.37306200253035526,0.9599220707033119
1.2923772697636609,0.5077481920126443,0.37306200253035526,0.960819277636344
1.2957448926736943,0.5075243957578992,0.37306200253035526,0.9634283294279167
1.2991125155837278,0.5070044930765369,0.37306200253035526,0.9628348949981075
1.3024801384937614,0.507498146482992,0.37306200253035526,0.9672053049197005
1.3058477614037949,0.5073501217005312,0.37306200253035526,0.9677720042232852
1.3092153843138286,0.507277888661639,0.37306200253035526,0.9673421063991774
1.312583007223862,0.5067572631595173,0.37306200253035526,0.9673168654709091
-1.3624092153134038,1.136673679213476,0.994832006747614,0.034473184741246526
-1.3601793418687733,1.1300560037708847,0.994832006747614,0.040748720365890875
-1.357949468424143,1.1246053220253949,0.994832006747614,0.04848151613593684
-1.3557195949795124,1.1183610299238431,0.994832006747614,0.05633021610743966
-1.3534897215348822,1.113509478147978,0.994832006747614,0.06156309412239925
-1.351259848090252,1.1088598571682369,0.994832006747614,0.06856006124963392
-1.3490299746456216,1.1043384452591725,0.994832006747614,0.07736743806539463
-1.3468001012009914,1.0999257962646207,0.994832006747614,0.08353695022666198
-1.3445702277563611,1.0961781301456377,0.994832006747614,0.08925878143398777
-1.3423403543117305,1.091872710302353,0.994832006747614,0.0971971931311882
-1.3401104808671003,1.088468850845309,0.994832006747614,0.10307541647820916
-1.3378806074224698,1.0850351683525294,0.994832006747614,0.10990531618708482
-1.3356507339778396,1.0817648309970846,0.994832006747614,0.11738341753854266
-1.3334208605332092,1.0785410418078045,0.994832006747614,0.12192696877580257
-1.331190987088579,1.0748305674926457,0.994832006747614,0.1287326962390673
-1.3289611136439485,1.0715628317380974,0.994832006747614,0.1364214497615697
-1.326731240199318,1.0692072712005471,0.994832006747614,0.1423959744282909
-1.3245013667546879,1.0658107541127324,0.994832006747614,0.15003726111212817
-1.3222714933100574,1.062356649990481,0.994832006747614,0.15501106258901748
-1.3200416198654272,1.059821619959458,0.994832006747614,0.16058355807423488
-1.3178117464207968,1.0562498337512545,0.994832006747614,0.16941873045052225
-1.3155818729761664,1.0533719442060132,0.994832006747614,0.17356471265111667
-1.3133519995315361,1.0499062078035117,0.994832006747614,0.179575354359239
-1.3111221260869057,1.0473198877667638,0.994832006747614,0.18368008767320393
-1.3088922526422753,1.0441298906519492,0.994832006747614,0.1900368779106502
-1.306662379197645,1.0405109321010761,0.994832006747614,0.19604776564050794
-1.3044325057530146,1.0378317820278713,0.994832006747614,0.20002033209783646
-1.3022026323083844,1.0347834107850515,0.994832006747614,0.20666036074944175
-1.299972758863754,1.032082728773412,0.994832006747614,0.21067996935573818
-1.2977428854191235,1.0285883275142549,0.994832006747614,0.21587450825306065
-1.2955130119744933,1.0262369157251083,0.994832006747614,0.22034688674099537
-1.2932831385298629,1.0235673737402888,0.994832006747614,0.22748720903181646
-1.2910532650852327,1.0200442769433709,0.994832006747614,0.2302188660109022
-1.2888233916406022,1.0174775393277404,0.994832006747614,0.23369032833980452
-1.2865935181959718,1.0145272781390047,0.994832006747614,0.24001165260930962
-1.2843636447513416,1.0123061590232811,0.994832006747614,0.2423418736215451
-1.2821337713067114,1.0098651627096633,0.994832006747614,0.24808488033723214
-1.279903897862081,1.00735693074026,0.994832006747614,0.2501764847359984
-1.2776740244174505,1.0042194300456428,0.994832006747614,0.255021400155539
-1.2754441509728203,1.0018899110419353,0.994832006747614,0.26071332333447095
-1.2732142775281898,0.9982918870859127,0.994832006747614,0.2653720406974818
-1.2709844040835596,0.9954344098741599,0.994832006747614,0.268869050754392
-1.2687545306389292,0.9931275837230105,0.994832006747614,0.2725898990954712
-1.2665246571942987,0.9905008088517644,0.994832006747614,0.27635282534798017
-1.2642947837496685,0.9876586075444213,0.994832006747614,0.2790610656920755
-1.262064910305038,0.9843980242133961,0.994832006747614,0.2836394392981956
-1.2598350368604077,0.9822814123515553,0.994832006747614,0.2876491379571628
-1.2576051634157772,0.9793260215805897,0.994832006747614,0.29284494978536946
-1.255375289971147,0.9773018964352594,0.994832006747614,0.29573381450135333
-1.2531454165265168,0.9747067893631827,0.994832006747614,0.29715060274277355
-1.2509155430818863,0.9718998192388646,0.994832006747614,0.3026790117997104
-1.248685669637256,0.9696438527439193,0.994832006747614,0.3053257289400173
-1.2464557961926257,0.9671994718034739,0.994832006747614,0.30830122313438396
-1.2442259227479953,0.9652594258333456,0.994832006747614,0.3127718644848837
-1.241996049303365,0.963388613396647,0.994832006747614,0.3163016808956386
-1.2397661758587346,0.9607476428132359,0.994832006747614,0.3192556152366478
-1.2375363024141042,0.9590844173227887,0.994832006747614,0.3204966423575297
-1.235306428969474,0.9567380830519668,0.994832006747614,0.3240107537384959
-1.2330765555248435,0.9546022682293362,0.994832006747614,0.32762262770126205
-1.2308466820802133,0.952709303200824,0.994832006747614,0.33124030992595094
-1.2286168086355829,0.9503350773982393,0.994832006747614,0.33277570391495487
-1.2263869351909524,0.9482981332944234,0.994832006747614,0.33609075580665154
-1.2241570617463222,0.945881784649345,0.994832006747614,0.3382377501679107
-1.2219271883016918,0.9444316793290156,0.994832006747614,0.34127639305606594
-1.2196973148570616,0.94147414424329,0.994832006747614,0.3464890444138622
-1.2174674414124311,0.9387455712224463,0.994832006747614,0.35031432279599806
-1.2152375679678007,0.9364005865970217,0.994832006747614,0.3522262382609091
-1.2130076945231705,0.9336735403669758,0.994832006747614,0.35667939132186927
-1.2107778210785403,0.9309990192296836,0.994832006747614,0.3594313919042611
-1.2085479476339096,0.928609590354432,0.994832006747614,0.3618136639809155
-1.2063180741892794,0.9260856516315968,0.994832006747614,0.3661831805857299
-1.2040882007446492,0.9232550327145614,0.994832006747614,0.3706756391671048
-1.2018583273000187,0.92088821351573,0.994832006747614,0.37234925354498516
-1.1996284538553883,0.9187696540101622,0.994832006747614,0.37710770257372733
-1.1973985804107579,0.916190638633895,0.994832006747614,0.3759719644148256
-1.1951687069661276,0.9145732401179193,0.994832006747614,0.38234796511473357
-1.1929388335214974,0.9137043248130372,0.994832006747614,0.38443752947331133
-1.190708960076867,0.9122711456813535,0.994832006747614,0.38677047022487643
-1.1884790866322366,0.9103779099907048,0.994832006747614,0.3897793175699831
-1.1862492131876061,0.909360385372644,0.994832006747614,0.39022165981707063
-1.184019339742976,0.9081512660886453,0.994832006747614,0.39441933017445857
-1.1817894662983457,0.9078742793721384,0.994832006747614,0.3973384980291153
-1.1795595928537153,0.9063715154870688,0.994832006747614,0.40071878163461744
-1.1773297194090848,0.9051298092794786,0.994832006747614,0.400903746913122
-1.1750998459644546,0.904053488598681,0.994832006747614,0.4027207891515514
-1.1728699725198242,0.9030603547392163,0.994832006747614,0.4050654360877208
-1.170640099075194,0.9027660988988291,0.994832006747614,0.4084556590519615
-1.1684102256305635,0.9017112762602256,0.994832006747614,0.40978173394524947
-1.166180352185933,0.9007268438592573,0.994832006747614,0.410780119303811
-1.1639504787413029,0.9001146734896143,0.994832006747614,0.41362872305562004
-1.1617206052966724,0.8991273071732598,0.994832006747614,0.4149712974020058
-1.1594907318520422,0.898968687922801,0.994832006747614,0.4175593258608462
-1.1572608584074118,0.897753036129915,0.994832006747614,0.4175671586545287
-1.1550309849627813,0.8964419150738846,0.994832006747614,0.4195848256431388
-1.1528011115181511,0.8957209868605801,0.994832006747614,0.4211299202493156
-1.1505712380735207,0.8941415554204598,0.994832006747614,0.42163581586857857
-1.1483413646288902,0.8926359746537945,0.994832006747614,0.4249420125397609
-1.14611149118426,0.8919998293915957,0.994832006747614,0.42642426524275606
-1.1438816177396298,0.8903912854718804,0.994832006747614,0.4276578946271637
-1.1416517442949994,0.8885831574836733,0.994832006747614,0.4288815159593275
-1.139421870850369,0.8874140726547646,0.994832006747614,0.4291393022252412
-1.1371919974057385,0.8857978511323457,0.994832006747614,0.43154934270169404
-1.1349621239611083,0.8842128270046409,0.994832006747614,0.4330208309778504
-1.132732250516478,0.8833935356707654,0.994832006747614,0.4339345653379944
-1.1305023770718476,0.8822022557091869,0.994832006747614,0.43593009088148116
-1.1282725036272172,0.8798261268824206,0.994832006747614,0.4378326955391564
-1.1260426301825868,0.8789113546161573,0.994832006747614,0.4406363300061818
-1.1238127567379566,0.8771320248762109,0.994832006747614,0.4402319499040383
-1.1215828832933263,0.8757512760339736,0.994832006747614,0.44160937626194147
-1.119353009848696,0.8743206416780407,0.994832006747614,0.442560556759413
-1.1171231364040655,0.8728744610210745,0.994832006747614,0.4419896285179601
-1.114893262959435,0.8717916977472943,0.994832006747614,0.44514700040018035
-1.1126633895148048,0.8702565621918437,0.994832006747614,0.44649207374240274
-1.1104335160701746,0.8693169606078386,0.994832006747614,0.4501481268464122
-1.1082036426255442,0.8680392202285587,0.994832006747614,0.44874177414541505
-1.1059737691809137,0.8668585416447615,0.994832006747614,0.4504826392337743
-1.1037438957362835,0.8656119998419874,0.994832006747614,0.4513925405381265
-1.101514022291653,0.8647141470917706,0.994832006747614,0.4515054355519209
-1.0992841488470226,0.8641715504954308,0.994832006747614,0.4550659903418824
-1.0970542754023924,0.8632712699100411,0.994832006747614,0.4559267149267339
-1.0812874934706627,0.8585423062847819,0.994832006747614,0.4646859095440933
-1.065520711538933,0.8552304920182104,0.994832006747614,0.470947193630261
-1.0497539296072032,0.8516880433397537,0.994832006747614,0.48032600469908804
-1.0339871476754734,0.8472722458921407,0.994832006747614,0.48383663264133814
-1.0182203657437439,0.8442034938451272,0.994832006747614,0.49153413650921535
-1.0024535838120139,0.8403504791127164,0.994832006747614,0.4983849315302401
-0.9866868018802842,0.837407416170674,0.994832006747614,0.5001215544581047
-0.9709200199485545,0.8339779026266237,0.994832006747614,0.5051918884656376
-0.9551532380168248,0.8308053026541271,0.994832006747614,0.5102640922278457
-0.9393864560850951,0.828099264622322,0.994832006747614,0.51385902524309
-0.9236196741533653,0.8258906593879173,0.994832006747614,0.5168333489789377
-0.9078528922216357,0.8233152028435938,0.994832006747614,0.5223291844873752
-0.8920861102899058,0.8203510186933971,0.994832006747614,0.5249616706025946
-0.8763193283581762,0.818079243056737,0.994832006747614,0.5301793093633121
-0.8605525464264464,0.8146448656730135,0.994832006747614,0.5324180712388226
-0.8447857644947167,0.8121385977630753,0.994832006747614,0.538500890453895
-0.829018982562987,0.808682912464915,0.994832006747614,0.5397940866667926
-0.8132522006312571,0.8055299460236213,0.994832006747614,0.5439026645141624
-0.7974854186995275,0.8023789573118199,0.994832006747614,0.5486794415282229
-0.7817186367677978,0.7988875892445487,0.994832006747614,0.5502399194609042
-0.765951854836068,0.7960218133310594,0.994832006747614,0.5552366133411805
-0.7501850729043383,0.7937918439184515,0.994832006747614,0.5597580947528777
-0.7344182909726085,0.7912018469762567,0.994832006747614,0.560167965942256
-0.7186515090408788,0.789855617799375,0.994832006747614,0.5651652158048593
-0.7028847271091492,0.7879337405311021,0.994832006747614,0.5683263873186699
-0.6871179451774194,0.7873107035373746,0.994832006747614,0.5718151940001753
-0.6713511632456897,0.7867196849480751,0.994832006747614,0.5726443852646753
-0.6555843813139598,0.784975443436226,0.994832006747614,0.5752900966701007
-0.6398175993822302,0.7848941375221097,0.994832006747614,0.5797431188342065
-0.6240508174505005,0.78479028410068,0.994832006747614,0.5820103468222974
-0.6082840355187707,0.7840927702067665,0.994832006747614,0.5843377549922519
-0.592517253587041,0.7837177976776672,0.994832006747614,0.5866901299386134
-0.5767504716553111,0.7828483050741555,0.994832006747614,0.58780702699526
-0.5609836897235815,0.7823698296097318,0.994832006747614,0.5907553132028635
-0.5452169077918518,0.7815625264504635,0.994832006747614,0.5927504661973533
-0.5294501258601222,0.7811140980380412,0.994832006747614,0.593581391582215
-0.5136833439283923,0.7799722203246747,0.994832006747614,0.5979095704737539
-0.4979165619966625,0.7790275063707965,0.994832006747614,0.598181074160416
-0.4821497800649328,0.7777725623323899,0.994832006747614,0.5981004639620707
-0.46638299813320316,0.7766211108000337,0.994832006747614,0.6014596168588965
-0.45061621620147346,0.7754209453318749,0.994832006747614,0.6012721355705916
-0.43484943426974365,0.7743468597661308,0.994832006747614,0.6044158026630306
-0.41908265233801384,0.7727298584208231,0.994832006747614,0.6061130499130244
-0.40331587040628414,0.7714433176438643,0.994832006747614,0.6054094331633797
-0.3875490884745545,0.7703770631393072,0.994832006747614,0.608435312236195
-0.3717823065428248,0.7684400358631605,0.994832006747614,0.6091196203590011
-0.35601552461109515,0.7664920709183435,0.994832006747614,0.6107843184066277
-0.34024874267936517,0.7653157455264993,0.994832006747614,0.6131624183228701
-0.3244819607476355,0.7633248112109623,0.994832006747614,0.6123989853863703
-0.3087151788159058,0.7614118917947205,0.994832006747614,0.6133721993583067
-0.2929483968841762,0.7603495098714959,0.994832006747614,0.6148482297610235
-0.2771816149524465,0.7589126381002268,0.994832006747614,0.6166914220109222
-0.2614148330207165,0.7583139425170143,0.994832006747614,0.6193847309185255
-0.24564805108898682,0.7576070289729183,0.994832006747614,0.6219677309222481
-0.22988126915725715,0.7574460092905212,0.994832006747614,0.6242699957051734
-0.21411448722552748,0.7565908265455605,0.994832006747614,0.6273567824022455
-0.19834770529379783,0.7560392404787529,0.994832006747614,0.6292154998854498
-0.18258092336206785,0.7559550618535322,0.994832006747614,0.6334325718081301
-0.16681414143033818,0.7547141587217732,0.994832006747614,0.6345615978362159
-0.1510473594986085,0.7549063616238951,0.994832006747614,0.6404313542796474
-0.13528057756687883,0.7544338908556266,0.994832006747614,0.6412265327135911
-0.11951379563514916,0.7530086013756818,0.994832006747614,0.642607058937699
-0.10374701370341918,0.7527541133037896,0.994832006747614,0.6452131966376947
-0.08798023177168951,0.751413141688922,0.994832006747614,0.6495320496189873
-0.07221344983995984,0.7499810931759183,0.994832006747614,0.6515263412751603
-0.05644666790823017,0.7489760038004779,0.994832006747614,0.6550878935624814
-0.0406798859765005,0.7480978570242139,0.994832006747614,0.6573842052144334
-0.024913104044770526,0.7461893234677016,0.994832006747614,0.6592773220746483
-0.009146322113040853,0.7449093459646494,0.994832006747614,0.6608337729050634
0.006620459818688821,0.743483736955866,0.994832006747614,0.6623764906350603
0.022387241750418493,0.7422484565844322,0.994832006747614,0.6655250731074884
0.038154023682148167,0.7417205462798352,0.994832006747614,0.668768426562099
0.05392080561387814,0.7404032882660018,0.994832006747614,0.6699412102313445
0.0696875875456078,0.7399313922833874,0.994832006747614,0.6702038569365476
0.08545436947733748,0.7391577791532404,0.994832006747614,0.6732858581515401
0.10122115140906715,0.7388887362156864,0.994832006747614,0.6751348901720071
0.11698793334079682,0.7383867437239955,0.994832006747614,0.6755096367526037
0.1327547152725265,0.7381732213867949,0.994832006747614,0.6782313782949906
0.14852149720425648,0.7373745609981184,0.994832006747614,0.6798934702852216
0.16428827913598615,0.7370887695723402,0.994832006747614,0.6805565607979427
0.18005506106771582,0.7365427288272952,0.994832006747614,0.6840614609101628
0.1958218429994455,0.7363244755885221,0.994832006747614,0.6864416852290448
0.21158862493117517,0.7361525672372555,0.994832006747614,0.689347474991768
0.22735540686290515,0.7358125799792868,0.994832006747614,0.6919310722028205
0.24312218879463482,0.7348600731697484,0.994832006747614,0.6923286617548233
0.25888897072636446,0.734827502773379,0.994832006747614,0.6957926612346425
0.27465575265809417,0.7344012469088896,0.994832006747614,0.7004436504833055
0.2904225345898238,0.7335529128933702,0.994832006747614,0.7037933835082905
0.3061893165215535,0.7333466221146997,0.994832006747614,0.7072773605946876
0.3219560984532835,0.7319874732819246,0.994832006747614,0.7142083723697417
0.33772288038501314,0.7312188696341011,0.994832006747614,0.7146093515901677
0.35348966231674284,0.7304268723158659,0.994832006747614,0.7189252187597052
0.3692564442484725,0.7306861601524088,0.994832006747614,0.72254209837271
0.3850232261802022,0.7298136361555287,0.994832006747614,0.726064062409837
0.4007900081119321,0.728987849017425,0.994832006747614,0.7289269871328079
0.4165567900436618,0.7284665679086274,0.994832006747614,0.7338147010964409
0.43232357197539145,0.7274857424843644,0.994832006747614,0.7360591520494718
0.44809035390712115,0.7279058740207188,0.994832006747614,0.7403130535448734
0.4638571358388508,0.726732218564088,0.994832006747614,0.743702932600911
0.4796239177705808,0.7262303188177627,0.994832006747614,0.7478080030047556
0.4953906997023105,0.72594644977404,0.994832006747614,0.7534611235049445
0.5111574816340402,0.7254655762856347,0.994832006747614,0.7541327348074084
0.5269242635657698,0.7250167670817821,0.994832006747614,0.7630392013668452
0.5426910454974995,0.7243889689447743,0.994832006747614,0.7670931664817516
0.5584578274292294,0.7244145179564967,0.994832006747614,0.7745868916636225
0.5742246093609591,0.7245005106576219,0.994832006747614,0.7825007153028498
0.5899913912926888,0.7240639971841137,0.994832006747614,0.7878289859014485
0.6057581732244185,0.7238572232626551,0.994832006747614,0.7930399022808943
0.6215249551561481,0.7230122307926782,0.994832006747614,0.7997552845260342
0.6372917370878778,0.7226257622657495,0.994832006747614,0.8075031271606994
0.6530585190196078,0.722617630040646,0.994832006747614,0.8124461039565184
0.6688253009513374,0.7224269575486867,0.994832006747614,0.819745870354288
0.6845920828830672,0.7224769894332974,0.994832006747614,0.8259279247810805
0.7003588648147968,0.7214729738719192,0.994832006747614,0.8315836937700414
0.7161256467465265,0.7221286559681188,0.994832006747614,0.840732179383443
0.7318924286782564,0.7214271926421484,0.994832006747614,0.8455750954929064
0.7476592106099861,0.7211142900517277,0.994832006747614,0.8492689750604013
0.7634259925417158,0.7207090097432661,0.994832006747614,0.8578335131382989
0.7791927744734455,0.7202810083142003,0.994832006747614,0.8633382135352317
0.7825713706016733,0.7209105612548367,0.994832006747614,0.8662137778726114
0.785949966729901,0.7206483336395775,0.994832006747614,0.8659301683371976
0.7893285628581288,0.7202162779909992,0.994832006747614,0.8679692971719786
0.7927071589863566,0.7201588219810161,0.994832006747614,0.869950365430241
0.7960857551145843,0.7203672155964611,0.994832006747614,0.8716724778832458
0.7994643512428122,0.7208638364522807,0.994832006747614,0.8709677708198351
0.80284294737104,0.7202737557240243,0.994832006747614,0.873194910528865
0.8062215434992678,0.719872329506927,0.994832006747614,0.8744158109913601
0.8096001396274956,0.7201609903921927,0.994832006747614,0.8755987716077626
0.8129787357557233,0.7200944170085255,0.994832006747614,0.8793788996184324
0.8163573318839511,0.7193652958422254,0.994832006747614,0.8793797716269274
0.8197359280121789,0.7200347440172976,0.994832006747614,0.8790752504994466
0.8231145241404066,0.7199250824001193,0.994832006747614,0.8826153409386515
0.8264931202686345,0.7201196987011873,0.994832006747614,0.8851809797264244
0.8298717163968623,0.7203761652879692,0.994832006747614,0.885452633327778
0.8332503125250904,0.7201144447727768,0.994832006747614,0.8842621426390881
0.8366289086533182,0.7196665617876856,0.994832006747614,0.886658623069991
0.840007504781546,0.7193724942443505,0.994832006747614,0.8897711128298591
0.8433861009097737,0.7203257742465207,0.994832006747614,0.8891578767528688
0.8467646970380015,0.7195685280400649,0.994832006747614,0.8916707101844489
0.8501432931662293,0.7194930491698818,0.994832006747614,0.8933628693475472
0.853521889294457,0.7194196481114563,0.994832006747614,0.8930226493603548
0.8569004854226848,0.7194182736899842,0.994832006747614,0.8952513990136862
0.8602790815509127,0.719261203720588,0.994832006747614,0.8934310015674941
0.8636576776791405,0.7190804560810938,0.994832006747614,0.897009225804044
0.8670362738073683,0.7190260429958123,0.994832006747614,0.8991423898318002
0.870414869935596,0.7191066554474788,0.994832006747614,0.8995085193390436
0.8737934660638238,0.7189048147564389,0.994832006747614,0.9037500583627552
0.8771720621920516,0.7187978195263999,0.994832006747614,0.9020488502186781
0.8805506583202793,0.7189645351998345,0.994832006747614,0.9044002916477569
0.8839292544485071,0.7188059722689202,0.994832006747614,0.9063324212495552
0.887307850576735,0.7192337806976362,0.994832006747614,0.9090042984991502
0.8906864467049628,0.7180293951380285,0.994832006747614,0.9074885075967198
0.8940650428331905,0.7190068438992153,0.994832006747614,0.9114488780378693
0.8974436389614183,0.7189945749848938,0.994832006747614,0.911657291884549
0.9008222350896461,0.7180241018919521,0.994832006747614,0.9299159663865547
0.9042008312178739,0.7184494312460018,0.994832006747614,0.8471007589364481
0.9075794273461016,0.7183901870217528,0.994832006747614,0.848098219359439
0.9109580234743294,0.7180541448683956,0.994832006747614,0.9340756302521009
0.9143366196025573,0.7181795413412245,0.994832006747614,0.8078991596638655
0.9177152157307851,0.7180406803247853,0.994832006747614,0.8512953586720458
0.9210938118590128,0.7187858683215189,0.994832006747614,0.8102941176470587
0.9244724079872406,0.7185166666611019,0.994832006747614,0.8114915966386554
0.9278510041154684,0.7185674619978117,0.994832006747614,0.8313843361438764
0.9312296002436965,0.718375481895812,0.994832006747614,0.8297831929045345
0.9346081963719243,0.7178261792615126,0.994832006747614,0.8343767308536479
0.937986792500152,0.7179568600738101,0.994832006747614,0.8315142987550994
0.9413653886283798,0.7182026356444936,0.994832006747614,0.8345372905352165
0.9447439847566076,0.7176979261267596,0.994832006747614,0.8365000819123669
0.9481225808848354,0.718202342382023,0.994832006747614,0.8374154456492476
0.9515011770130632,0.7179112008189129,0.994832006747614,0.8377344433373223
0.954879773141291,0.7178482004873045,0.994832006747614,0.8393717096824158
0.9582583692695188,0.7181241491656416,0.994832006747614,0.8403095200737445
0.9616369653977466,0.7180285414095751,0.994832006747614,0.8414358453270894
0.9650155615259743,0.7177860942693143,0.994832006747614,0.8440975012566849
0.9683941576542021,0.7181876550720628,0.994832006747614,0.8448276037212591
0.9717727537824299,0.7175524908917376,0.994832006747614,0.8450003677156637
0.9751513499106577,0.7180063441798237,0.994832006747614,0.8478155662619878
0.9785299460388855,0.7179869455757376,0.994832006747614,0.8484459549830614
0.9819085421671133,0.7177262127207317,0.994832006747614,0.850174206656654
0.9852871382953411,0.7178918546251123,0.994832006747614,0.851213662455369
0.9886657344235689,0.7174479281283834,0.994832006747614,0.8509777276781536
0.9920443305517966,0.718041679099627,0.994832006747614,0.8524692307245089
0.9954229266800244,0.7177299691646104,0.994832006747614,0.8549993944454594
0.9988015228082522,0.7176325683692958,0.994832006747614,0.8560851601813998
1.00218011893648,0.71806380314445,0.994832006747614,0.8566765773976324
1.0055587150647078,0.7175780997704233,0.994832006747614,0.8580374954505356
1.0089373111929356,0.717383358140731,0.994832006747614,0.8604205220386455
1.0123159073211634,0.7173433091769298,0.994832006747614,0.8597739748296516
1.0156945034493912,0.7179424990095903,0.994832006747614,0.8621353326752876
1.019073099577619,0.7174246216471957,0.994832006747614,0.8626087317173139
1.0224516957058467,0.7182668592840377,0.994832006747614,0.8638159322421509
1.0258302918340745,0.7172124057165424,0.994832006747614,0.8663550793729955
1.0292088879623023,0.7182617504236758,0.994832006747614,0.8673044079456266
1.03258748409053,0.7178583795145218,0.994832006747614,0.8685151903082695
1.0359660802187578,0.7177810449409497,0.994832006747614,0.8702298485550535
1.0393446763469856,0.7176656854681991,0.994832006747614,0.870168062665162
1.0427232724752138,0.7179355095278838,0.994832006747614,0.8720517008704546
1.0461018686034416,0.7178246903997714,0.994832006747614,0.8722821702181965
1.0494804647316693,0.7181501643275879,0.994832006747614,0.8741392924029086
1.0528590608598971,0.7178880101582801,0.994832006747614,0.8749076720716827
1.0562376569881249,0.7179094615093188,0.994832006747614,0.8763575001666734
1.0596162531163527,0.7177795007327679,0.994832006747614,0.8780783503027478
1.0629948492445804,0.7178765542692025,0.994832006747614,0.8778876616697077
1.0663734453728082,0.7179900106759187,0.994832006747614,0.8820209587042569
1.069752041501036,0.7174458033993256,0.994832006747614,0.8801452431227019
1.0731306376292638,0.7175590736134735,0.994832006747614,0.8811597609670442
1.0765092337574915,0.718150141842617,0.994832006747614,0.8847547495289622
1.0798878298857193,0.7180057623395892,0.994832006747614,0.8856109904250553
1.0832664260139473,0.7179215707407853,0.994832006747614,0.8866661366237748
1.086645022142175,0.7179913279015047,0.994832006747614,0.8878930513916171
1.0900236182704028,0.7180960929035872,0.994832006747614,0.8884751481851362
1.0934022143986306,0.7178648909417541,0.994832006747614,0.8888128296621276
1.0967808105268584,0.7178127624372481,0.994832006747614,0.8910085776674375
1.1001594066550862,0.7180953753075776,0.994832006747614,0.8914783004733617
1.103538002783314,0.7177845357720193,0.994832006747614,0.8943532709939219
1.1069165989115417,0.7181806224967137,0.994832006747614,0.8944537829546323
1.1102951950397695,0.7176106095328462,0.994832006747614,0.8949980322149721
1.1136737911679973,0.7183775128764732,0.994832006747614,0.8967248326457419
1.117052387296225,0.7182359757561556,0.994832006747614,0.8986818390173008
1.1204309834244528,0.7181878842763484,0.994832006747614,0.8989278720858515
1.123809579552681,0.7183997699043728,0.994832006747614,0.8998920653187192
1.1271881756809088,0.718598996909706,0.994832006747614,0.9021806620014079
1.1305667718091366,0.718429284097429,0.994832006747614,0.903404630436655
1.1339453679373643,0.7176502646744557,0.994832006747614,0.9038754097658053
1.137323964065592,0.7178140158919596,0.994832006747614,0.9051340037111884
1.1407025601938199,0.7180028327053448,0.994832006747614,0.9070597810297946
1.1440811563220477,0.7181897930619123,0.994832006747614,0.9066023358265699
1.1474597524502754,0.7183319079148169,0.994832006747614,0.9078656454693209
1.1508383485785032,0.7179940235553312,0.994832006747614,0.9097773540980753
1.154216944706731,0.7182505409843325,0.994832006747614,0.9115050402432461
1.1575955408349587,0.7179939067834026,0.994832006747614,0.9132520840361862
1.1609741369631865,0.7180361256965984,0.994832006747614,0.9156392217631679
1.1643527330914143,0.7178179457207047,0.994832006747614,0.9162442142450508
1.167731329219642,0.7179516918048346,0.994832006747614,0.9164493051675155
1.17110992534787,0.7178324299452724,0.994832006747614,0.9178129165652065
1.1744885214760978,0.7179340151909946,0.994832006747614,0.9180520924841016
1.1778671176043256,0.718490966766536,0.994832006747614,0.9202587977883773
1.1812457137325534,0.7179329976712313,0.994832006747614,0.9212113413610798
1.1846133366425868,0.7189158785135973,0.994832006747614,0.9230414365090559
1.1879809595526205,0.71831753354181,0.994832006747614,0.9231102049538835
1.191348582462654,0.718223207903495,0.994832006747614,0.9256755003603949
1.1947162053726876,0.7179244564434609,0.994832006747614,0.9279076107078743
1.198083828282721,0.7183426101276552,0.994832006747614,0.9274848295951328
1.2014514511927545,0.7179763588336615,0.994832006747614,0.9292140194144065
1.2048190741027882,0.7181534199112081,0.994832006747614,0.9307211696327367
1.2081866970128217,0.7188093550758231,0.994832006747614,0.9308485231178577
1.2115543199228553,0.7180567556197994,0.994832006747614,0.932692554020272
1.2149219428328888,0.7183796955990057,0.994832006747614,0.9336997718879612
1.2182895657429227,0.7178453087312401,0.994832006747614,0.9350035735344463
1.2216571886529561,0.7180050484421377,0.994832006747614,0.9353516056007599
1.2250248115629894,0.7184769451638581,0.994832006747614,0.9373678435075922
1.2283924344730233,0.7177860106928255,0.994832006747614,0.9390600495732967
1.2317600573830567,0.7184287576039295,0.994832006747614,0.9412319128385642
1.2351276802930904,0.7180906764791193,0.994832006747614,0.9419587580055724
1.2384953032031238,0.7177047009531548,0.994832006747614,0.9443713875857166
1.2418629261131573,0.717997214551209,0.994832006747614,0.9426695755140349
1.245230549023191,0.7180514127887763,0.994832006747614,0.9455279616623617
1.2485981719332244,0.7179124886091779,0.994832006747614,0.9460577009800972
1.251965794843258,0.717262714312693,0.994832006747614,0.9492828798562946
1.2553334177532915,0.7174486408646331,0.994832006747614,0.9475034965864397
1.258701040663325,0.7175317117207352,0.994832006747614,0.948690790978332
1.2620686635733587,0.7175275995796334,0.994832006747614,0.9501498381237867
1.2654362864833921,0.7176650562060304,0.994832006747614,0.9498440529936388
1.268803909393426,0.7174856029525639,0.994832006747614,0.9526609116449859
1.2721715323034593,0.7170079685378956,0.994832006747614,0.9536462519538309
1.2755391552134931,0.7174191605284318,0.994832006747614,0.9557744963505788
1.2789067781235266,0.717417449049196,0.994832006747614,0.9571845764885976
1.28227440103356,0.7173352558227293,0.994832006747614,0.9599377093007543
1.2856420239435937,0.7174080747445628,0.994832006747614,0.9602306802484424
1.2890096468536272,0.7172659215464872,0.994832006747614,0.9599220707033119
1.2923772697636609,0.7170854701234203,0.994832006747614,0.960819277636344
1.2957448926736943,0.7168592919537345,0.994832006747614,0.9634283294279167
1.2991125155837278,0.7163369155534399,0.994832006747614,0.9628348949981075
1.3024801384937614,0.7168280019528434,0.994832006747614,0.9672053049197005
1.3058477614037949,0.7166773153910801,0.994832006747614,0.9677720042232852
1.3092153843138286,0.716602324316509,0.994832006747614,0.9673421063991774
1.312583007223862,0.7160788430381996,0.994832006747614,0.9673168654709091
