x1,y1,T_K,P_kPa,T_C
0.001,0.014496714153011233,372.3270774474833,100,99.17707744748333
0.0018319327731092438,0.020791824666434623,371.9872823160615,100,98.83728231606153
0.0026638655462184876,0.028544195325259633,371.7232936953701,100,98.57329369537013
0.003495798319327731,0.03641247018554149,371.3936999325019,100,98.2436999325019
0.004327731092436974,0.04166492308928012,371.157434679334,100,98.00743467933404
0.005159663865546218,0.04868146510529382,370.92883904265705,100,97.77883904265707
0.005991596638655462,0.05750841680983359,370.7031597813471,100,97.55315978134712
0.006823529411764706,0.06369750385987998,370.4795745899765,100,97.32957458997652
0.0076554621848739495,0.06943890995598481,370.29895407429814,100,97.14895407429816
0.008487394957983193,0.07739689654196427,370.07332700680496,100,96.92332700680498
0.009319327731092435,0.08329469477776427,369.9089710461152,100,96.75897104611522
0.01015126050420168,0.09014416937541898,369.73901636674043,100,96.58901636674045
0.010983193277310923,0.09764184561565585,369.57803936413086,100,96.42803936413088
0.011815126050420167,0.10220497174169481,369.41816705059347,100,96.26816705059349
0.01264705882352941,0.10903027409373857,369.22136582620095,100,96.07136582620097
0.013478991596638654,0.11673860250502001,369.05553576623873,100,95.90553576623876
0.014310924369747898,0.12273270206052028,368.9552621515022,100,95.80526215150223
0.015142857142857142,0.13039356363313656,368.77967384613976,100,95.62967384613978
0.015974789915966386,0.1353869399988049,368.60036805412904,100,95.45036805412906
0.01680672268907563,0.14097901037280136,368.4879504680027,100,95.3379504680027
0.017638655462184873,0.14983375763786777,368.30056473979477,100,95.15056473979479
0.018470588235294117,0.15399931472724124,368.16334993470355,100,95.01334993470357
0.01930252100840336,0.1600295313241426,367.98327078017326,100,94.83327078017328
0.020134453781512605,0.16415383952688659,367.8663902144871,100,94.71639021448715
0.02096638655462185,0.1705302046531119,367.70509009451683,100,94.55509009451686
0.021798319327731092,0.17656066727174868,367.5118199429232,100,94.3618199429232
0.022630252100840336,0.18055280861785622,367.3855092699955,100,94.23550926999553
0.02346218487394958,0.18721241215824055,367.2311573904626,100,94.08115739046264
0.024294117647058824,0.19125159565331604,367.1006872189196,100,93.9506872189196
0.025126050420168067,0.19646570943941755,366.91159966587895,100,93.76159966587898
0.02595798319327731,0.2009576628161313,366.8043353735943,100,93.65433537359434
0.026789915966386555,0.20811755999573145,366.673245536376,100,93.52324553637601
0.0276218487394958,0.2108687918635962,366.47972528305473,100,93.32972528305476
0.028453781512605043,0.21435982908127757,366.35503208353225,100,93.20503208353227
0.029285714285714286,0.22070072823956172,366.20229777704964,100,93.05229777704966
0.03011764705882353,0.22305052414057625,366.1022812675108,100,92.95228126751084
0.030949579831932774,0.22881310574504232,365.9864228806447,100,92.8364228806447
0.031781512605042014,0.23092428503258763,365.86595128659275,100,92.71595128659277
0.03261344537815126,0.23578877534090728,365.7003118435024,100,92.55031184350241
0.0334453781512605,0.2415002734086182,365.59354345541993,100,92.44354345541996
0.034277310924369746,0.24617856566040816,365.395091257545,100,92.24509125754503
0.03510924369747899,0.2496951506060974,365.2502965533404,100,92.1002965533404
0.03594117647058823,0.25343557383595566,365.14524076441677,100,91.99524076441679
0.03677310924369748,0.25721807497724364,365.0167049721209,100,91.86670497212094
0.03760504201680672,0.259945890210118,364.8720939690394,100,91.7220939690394
0.038436974789915965,0.26454383870501713,364.69654330660273,100,91.54654330660276
0.03926890756302521,0.26857311225276337,364.60304194378983,100,91.45304194378986
0.04010084033613445,0.2737884989697491,364.4478228895524,100,91.29782288955244
0.040932773109243696,0.276696938574512,364.3589172321586,100,91.20891723215863
0.04176470588235294,0.2781333017047113,364.22735864199205,100,91.07735864199208
0.042596638655462184,0.28368128565042716,364.07899119913145,100,90.92899119913147
0.04342857142857143,0.2863475776795131,363.9689006238305,100,90.81890062383053
0.04426050420168067,0.2893426467626588,363.843371639009,100,90.693371639009
0.045092436974789915,0.29383286300193756,363.75260552222153,100,90.60260552222155
0.04592436974789916,0.2973822543014715,363.66543104920913,100,90.51543104920916
0.0467563025210084,0.30035576353125976,363.52142498725675,100,90.37142498725677
0.047588235294117646,0.30161636554092075,363.4475502534707,100,90.29755025347072
0.04842016806722689,0.30515005181066596,363.3238887982025,100,90.17388879820254
0.049252100840336134,0.3087815006622111,363.2155322366077,100,90.06553223660774
0.05008403361344538,0.31241875777567907,363.12519224685013,100,89.97519224685016
0.05091596638655462,0.313973726653462,363.00079488935086,100,89.85079488935088
0.051747899159663865,0.31730835343393776,362.9019936552366,100,89.75199365523662
0.05257983193277311,0.3194749226839759,362.77725231567035,100,89.62725231567038
0.05341176470588235,0.32253314046091025,362.72440023783383,100,89.57440023783386
0.0542436974789916,0.3277653667074855,362.5646459611661,100,89.41464596116612
0.05507563025210084,0.33161021997840046,362.42373976681154,100,89.27373976681156
0.055907563025210084,0.3335417103320905,362.3122249803786,100,89.1622249803786
0.05673949579831933,0.3380144382818297,362.1739292323542,100,89.02392923235425
0.05757142857142857,0.3407860137530006,362.0396079061772,100,88.88960790617722
0.058403361344537816,0.34318786071843405,361.9253850182682,100,88.7753850182682
0.05923529411764706,0.3475769522120275,361.8001508934912,100,88.65015089349123
0.0600672268907563,0.3520889856821814,361.65071622792846,100,88.50071622792848
0.06089915966386555,0.35378217494884084,361.53216364186943,100,88.38216364186945
0.06173109243697479,0.35856019886636203,361.4281627603964,100,88.27816276039641
0.06256302521008403,0.35744403559623933,361.2867193667668,100,88.13671936676684
0.06339495798319328,0.36383961118492636,361.2107752096754,100,88.0607752096754
0.06422689075630252,0.36594875043228314,361.1852260373759,100,88.03522603737593
0.06505882352941177,0.3683012660726273,361.1153334932553,100,87.96533349325534
0.065890756302521,0.371329688306513,361.00898285660367,100,87.85898285660369
0.06672268907563025,0.3717916054423796,360.9632557921176,100,87.81325579211762
0.06755462184873949,0.37600885068854656,360.9011901540615,100,87.75119015406153
0.06838655462184874,0.3789475934319823,360.9045104735074,100,87.75451047350742
0.06921848739495798,0.3823474519262635,360.81726705578853,100,87.66726705578856
0.07005042016806723,0.3825519920935471,360.7474826854067,100,87.5974826854067
0.07088235294117647,0.3843886092207556,360.6885662731561,100,87.5385662731561
0.07171428571428572,0.38675283104570396,360.63490255095087,100,87.48490255095089
0.07254621848739495,0.3901626288987238,360.63142128171813,100,87.48142128171816
0.0733781512605042,0.39150827868079074,360.57275944759755,100,87.42275944759757
0.07421008403361344,0.39252623892813127,360.5194375492717,100,87.36943754927171
0.07504201680672269,0.3953944175687194,360.49365681979833,100,87.34365681979835
0.07587394957983193,0.39675656680388416,360.4416202500899,100,87.29162025008992
0.07670588235294118,0.39936417015150366,360.450862039803,100,87.30086203980301
0.07753781512605042,0.3993915778339652,360.3851203238412,100,87.23512032384122
0.07836974789915967,0.40142881971135436,360.3140863902415,100,87.16408639024155
0.0792016806722689,0.4029934892063102,360.2872873923136,100,87.13728739231362
0.08003361344537815,0.40351895971435214,360.19966501834404,100,87.04966501834406
0.08086554621848739,0.40684473127431353,360.11860971109206,100,86.96860971109209
0.08169747899159664,0.4083465588660877,360.10160634394913,100,86.95160634394915
0.08252941176470588,0.40959976313927443,360.0151233790048,100,86.86512337900484
0.08336134453781513,0.41084295936021725,359.9149965432995,100,86.7649965432995
0.08419327731092437,0.41112032051491004,359.86182807769165,100,86.71182807769168
0.08502521008403362,0.4135499358801419,359.7768150917505,100,86.62681509175053
0.08585714285714285,0.41504099904507724,359.6944654125464,100,86.5444654125464
0.0866890756302521,0.41597430829400034,359.66784237733134,100,86.51784237733136
0.08752100840336134,0.4179894087262661,359.61441017135786,100,86.46441017135788
0.08835294117647059,0.4199115882727204,359.47516121627746,100,86.32516121627748
0.08918487394957983,0.42273479762852484,359.44161252281583,100,86.29161252281585
0.09001680672268908,0.4223499924151604,359.3451728222355,100,86.19517282223552
0.09084873949579832,0.4237469936618426,359.2771897907714,100,86.12718979077141
0.09168067226890757,0.42471774904809323,359.2050472581685,100,86.05504725816854
0.0925126050420168,0.4241663956954193,359.13109649692933,100,85.98109649692935
0.09334453781512606,0.4273433424664186,359.08264838209914,100,85.93264838209916
0.09417647058823529,0.42870799069742005,359.0004831700624,100,85.85048317006243
0.09500840336134454,0.4323836186902085,358.96036024147463,100,85.81036024147465
0.09584033613445378,0.43099684087799045,358.8945221091415,100,85.74452210914154
0.09667226890756303,0.4327572808551287,358.8343526346527,100,85.68435263465273
0.09750420168067227,0.43368675704826,358.7679161285819,100,85.6179161285819
0.09833613445378152,0.4338192269508334,358.7251009875022,100,85.5751009875022
0.09916806722689075,0.4373993566295739,358.7062475416882,100,85.55624754168821
0.1,0.4382796561032045,358.6596819577581,100,85.50968195775812
0.10588235294117648,0.4471772590250621,358.4142046737848,100,85.26420467378483
0.11176470588235295,0.4535769514157281,358.25538860552064,100,85.10538860552066
0.11764705882352942,0.46309417078905346,358.0824132723701,100,84.93241327237013
0.12352941176470589,0.4667432070358018,357.84674197594717,100,84.69674197594719
0.12941176470588237,0.4745791192081773,357.70711525078866,100,84.55711525078868
0.13529411764705884,0.4815683225337003,357.5070993833659,100,84.35709938336595
0.1411764705882353,0.4834433537660632,357.3676794744617,100,84.2176794744617
0.14705882352941177,0.4886520960780944,357.1880333318971,100,84.03803333189711
0.15294117647058825,0.49386270814480077,357.0230374285721,100,83.8730374285721
0.15882352941176472,0.4975960494645434,356.88891449504416,100,83.73891449504418
0.1647058823529412,0.5007087815048893,356.7889392096505,100,83.63893920965052
0.17058823529411765,0.506343025317825,356.6615541974061,100,83.5115541974061
0.17647058823529413,0.5091139197375427,356.50621389730287,100,83.3562138973029
0.1823529411764706,0.5144699668027585,356.40225898323274,100,83.25225898323276
0.18823529411764706,0.5168471369827672,356.2163782349229,100,83.06637823492292
0.19411764705882356,0.523068364502338,356.1010313162052,100,82.95103131620522
0.2,0.5244999690197338,355.92124881787237,100,82.77124881787239
0.2058823529411765,0.5287469551716018,355.76716028205334,100,82.61716028205336
0.21176470588235297,0.5336621404901606,355.61403902645236,100,82.46403902645238
0.21764705882352942,0.5353610267273402,355.43394379739215,100,82.28394379739217
0.22352941176470592,0.5404961289121147,355.29368970472103,100,82.14368970472106
0.22941176470588237,0.5451560186283103,355.1908809775874,100,82.04088097758745
0.23529411764705885,0.5457042981221868,355.0516400301266,100,81.9016400301266
0.24117647058823533,0.5508399562892884,354.9931271889236,100,81.84312718892363
0.2470588235294118,0.5541395361075973,354.88490260518176,100,81.73490260518179
0.2529411764705882,0.557766751093601,354.86405932122904,100,81.71405932122906
0.25882352941176473,0.5587343506625992,354.8401793886587,100,81.69017938865875
0.26470588235294124,0.5615184703725228,354.728753371373,100,81.57875337137301
0.2705882352941177,0.5661099008411269,354.735075251327,100,81.585075251327
0.27647058823529413,0.568515537133716,354.7384053273477,100,81.58840532734774
0.2823529411764706,0.5709813536081689,354.6987127221337,100,81.5487127221337
0.2882352941176471,0.5734721368590285,354.68353553455484,100,81.53353553455486
0.2941176470588236,0.5747274422201735,354.6340397940571,100,81.48403979405714
0.30000000000000004,0.5778141367322752,354.61441216624064,100,81.46441216624066
0.3058823529411765,0.5799476980312633,354.5725684215721,100,81.42256842157212
0.31176470588235294,0.5809170317206234,354.55836665748336,100,81.40836665748338
0.31764705882352945,0.5853836189166605,354.49564266836137,100,81.34564266836139
0.32352941176470595,0.5857935309078208,354.4489504563497,100,81.2989504563497
0.3294117647058824,0.5858513290139739,354.3815926628594,100,81.23159266285944
0.33529411764705885,0.5893488902152979,354.32358425532783,100,81.17358425532785
0.3411764705882353,0.5892998172314912,354.2639525033271,100,81.11395250332714
0.3470588235294118,0.5925818926284285,354.21540783794495,100,81.06540783794497
0.3529411764705883,0.5944175481829206,354.1295488053276,100,80.97954880532762
0.35882352941176476,0.5938523397377742,354.0696667572204,100,80.9196667572204
0.3647058823529412,0.5970166271150877,354.0274576032163,100,80.87745760321633
0.37058823529411766,0.5978393435423921,353.92319553717823,100,80.77319553717825
0.3764705882352941,0.599642449894517,353.81843110677505,100,80.66843110677507
0.3823529411764707,0.6021589581152577,353.76911941835016,100,80.61911941835018
0.3882352941176471,0.6015339334832561,353.6596521728521,100,80.5096521728521
0.3941176470588236,0.6026455557596907,353.55395465766895,100,80.40395465766898
0.4,0.6042599944669058,353.50725376760573,100,80.35725376760576
0.40588235294117647,0.6062415950213028,353.43010282798406,100,80.28010282798408
0.41176470588235303,0.6090733122334044,353.4096063461704,100,80.25960634617041
0.4176470588235295,0.6117947205416253,353.3765752651574,100,80.22657526515741
0.42352941176470593,0.6142353936290488,353.378810051882,100,80.22881005188202
0.4294117647058824,0.6174605886306191,353.32770793467904,100,80.17770793467906
0.43529411764705883,0.6194577144183218,353.29675898725554,100,80.14675898725557
0.4411764705882354,0.6238131946455003,353.2990541046999,100,80.14905410469993
0.44705882352941184,0.6250806289780845,353.2181915223133,100,80.06819152231333
0.4529411764705883,0.6310887937260141,353.2429678508018,100,80.09296785080181
0.45882352941176474,0.6320223804644561,353.2226771459484,100,80.07267714594843
0.4647058823529412,0.6335413149930623,353.13750604180694,100,79.98750604180697
0.47058823529411775,0.6362858609975564,353.14104971687397,100,79.99104971687399
0.4764705882352942,0.6407431222833471,353.0690471976927,100,79.91904719769275
0.48235294117647065,0.6428758222440184,352.9928126792066,100,79.84281267920665
0.4882352941176471,0.6465757828358378,352.9490865473203,100,79.79908654732031
0.49411764705882355,0.6490105027922881,352.9153613144025,100,79.76536131440253
0.5000000000000001,0.6510420279570013,352.8070381744937,100,79.65703817449372
0.5058823529411766,0.6527368870919146,352.7434882683255,100,79.59348826832553
0.511764705882353,0.6544180131264098,352.6678620310395,100,79.5178620310395
0.5176470588235295,0.6577050039033362,352.60371290945886,100,79.45371290945889
0.5235294117647059,0.6610867656624451,352.58775133698157,100,79.43775133698159
0.5294117647058825,0.6623979576361887,352.51146988954514,100,79.36146988954516
0.5352941176470589,0.6627990126458901,352.4936410992061,100,79.34364109920614
0.5411764705882354,0.6660194221653809,352.4515774902676,100,79.30157749026762
0.5470588235294118,0.6680068624903462,352.44406515015834,100,79.29406515015836
0.5529411764705883,0.6685200173754411,352.4180791532457,100,79.26807915324571
0.5588235294117647,0.6713801672223262,352.4117739039344,100,79.2617739039344
0.5647058823529413,0.6731806675170555,352.36226820075086,100,79.21226820075088
0.5705882352941177,0.6739821663342749,352.34947607682716,100,79.19947607682718
0.5764705882352942,0.6776254747509933,352.31779436450535,100,79.16779436450537
0.5823529411764706,0.6801441073743735,352.3102022467471,100,79.16020224674713
0.5882352941176471,0.6831883054415949,352.30670641029513,100,79.15670641029516
0.5941176470588236,0.6859103109571457,352.2920713848905,100,79.14207138489053
0.6000000000000001,0.6864463088136469,352.2340618592595,100,79.08406185925952
0.6058823529411765,0.6900487165979643,352.2435447170886,100,79.0935447170886
0.611764705882353,0.6948381141511255,352.22525820725946,100,79.07525820725948
0.6176470588235294,0.6983262554806088,352.17702395669374,100,79.02702395669377
0.6235294117647059,0.7019486408715042,352.1757894792708,100,79.02578947927083
0.6294117647058824,0.7090180609510566,352.09143611796827,100,78.9414361179683
0.6352941176470589,0.7095574484759809,352.0501087200505,100,78.90010872005053
0.6411764705882353,0.7140117239500166,352.00722043323634,100,78.85722043323636
0.6470588235294118,0.7177670118675197,352.040483399169,100,78.890483399169
0.6529411764705882,0.721427384209145,351.9916636901135,100,78.84166369011353
0.6588235294117648,0.7244287172366142,351.94599627563366,100,78.79599627563368
0.6647058823529413,0.7294548395047453,351.9220282003573,100,78.77202820035734
0.6705882352941177,0.7318376987622746,351.86430071107344,100,78.71430071107346
0.6764705882352942,0.7362300085621745,351.907439539905,100,78.75743953990502
0.6823529411764706,0.7397582959227104,351.8344268150461,100,78.6844268150461
0.6882352941176472,0.7440017746310532,351.80922359988847,100,78.65922359988849
0.6941176470588236,0.751961717390203,351.7988604696106,100,78.64886046961061
0.7000000000000001,0.7541327348074084,351.77331319787123,100,78.62331319787125
0.7058823529411765,0.7630392013668452,351.74929151008683,100,78.59929151008686
0.711764705882353,0.7670931664817516,351.7116301668005,100,78.56163016680051
0.7176470588235295,0.7745868916636225,351.7207319289864,100,78.57073192898645
0.723529411764706,0.7825007153028498,351.7337756260788,100,78.58377562607882
0.7294117647058824,0.7878289859014485,351.7086353682911,100,78.5586353682911
0.7352941176470589,0.7930399022808943,351.699839085277,100,78.54983908527703
0.7411764705882353,0.7997552845260342,351.64456524326044,100,78.49456524326047
0.7470588235294118,0.8075031271606994,351.62228674760826,100,78.47228674760828
0.7529411764705883,0.8124461039565184,351.6272367405263,100,78.47723674052634
0.7588235294117648,0.819745870354288,351.61883422429054,100,78.46883422429056
0.7647058823529412,0.8259279247810805,351.62777368024297,100,78.47777368024299
0.7705882352941177,0.8315836937700414,351.56032282233133,100,78.41032282233135
0.7764705882352941,0.840732179383443,351.6130667921013,100,78.4630667921013
0.7823529411764707,0.8455750954929064,351.567549968772,100,78.41754996877205
0.7882352941176471,0.8492689750604013,351.5502467811326,100,78.40024678113264
0.7941176470588236,0.8578335131382989,351.5263657900813,100,78.37636579008131
0.8,0.8633382135352317,351.50099268298226,100,78.35099268298228
0.8012605042016807,0.8662137778726114,351.54781763874075,100,78.39781763874078
0.8025210084033614,0.8659301683371976,351.5300642550304,100,78.38006425503045
0.803781512605042,0.8679692971719786,351.50002071149487,100,78.35002071149489
0.8050420168067227,0.869950365430241,351.49711786022385,100,78.34711786022388
0.8063025210084034,0.8716724778832458,351.5134798274215,100,78.36347982742154
0.807563025210084,0.8709677708198351,351.5507277244169,100,78.40072772441692
0.8088235294117647,0.873194910528865,351.50928203334365,100,78.35928203334367
0.8100840336134454,0.8744158109913601,351.4815114689187,100,78.33151146891873
0.811344537815126,0.8755987716077626,351.50373294265466,100,78.35373294265469
0.8126050420168067,0.8793788996184324,351.5002389240362,100,78.3502389240362
0.8138655462184874,0.8793797716269274,351.44877247680125,100,78.29877247680128
0.8151260504201681,0.8790752504994466,351.4986114572674,100,78.3486114572674
0.8163865546218487,0.8826153409386515,351.49203628281805,100,78.34203628281807
0.8176470588235294,0.8851809797264244,351.50751041257337,100,78.35751041257339
0.8189075630252101,0.885452633327778,351.5274741999043,100,78.37747419990433
0.8201680672268908,0.8842621426390881,351.5099164400406,100,78.35991644004065
0.8214285714285715,0.886658623069991,351.4788824836412,100,78.32888248364122
0.8226890756302522,0.8897711128298591,351.4589937016813,100,78.30899370168135
0.8239495798319328,0.8891578767528688,351.5294480105688,100,78.37944801056881
0.8252100840336135,0.8916707101844489,351.47601819791817,100,78.32601819791819
0.8264705882352942,0.8933628693475472,351.4719656377393,100,78.32196563773931
0.8277310924369748,0.8930226493603548,351.46806176859377,100,78.3180617685938
0.8289915966386555,0.8952513990136862,351.4693709676007,100,78.31937096760072
0.8302521008403362,0.8934310015674941,351.4593986376532,100,78.3093986376532
0.8315126050420169,0.897009225804044,351.4477045385599,100,78.29770453855991
0.8327731092436975,0.8991423898318002,351.44515167982087,100,78.29515167982089
0.8340336134453782,0.8995085193390436,351.4523678081745,100,78.3023678081745
0.8352941176470589,0.9037500583627552,351.43911511591676,100,78.28911511591679
0.8365546218487395,0.9020488502186781,351.4327179441168,100,78.28271794411683
0.8378151260504202,0.9044002916477569,351.44612901126794,100,78.29612901126796
0.8390756302521009,0.9063324212495552,351.4359644956648,100,78.28596449566481
0.8403361344537815,0.9090042984991502,351.4682494072822,100,78.31824940728222
0.8415966386554622,0.9074885075967198,351.38230132088063,100,78.23230132088065
0.8428571428571429,0.9114488780378693,351.4543514735084,100,78.3043514735084
0.8441176470588235,0.911657291884549,351.4546968974674,100,78.30469689746741
0.8453781512605042,0.9120268947102966,351.38561827168536,100,78.23561827168538
0.8466386554621849,0.9148318513734229,351.41760402057935,100,78.26760402057937
0.8478991596638655,0.9159301521325482,351.4144652525224,100,78.26446525252243
0.8491596638655462,0.9164922200976311,351.3912485224258,100,78.24124852242585
0.8504201680672269,0.918523583597595,351.4014192859855,100,78.25141928598555
0.8516806722689075,0.9194298124535584,351.3924169310271,100,78.24241693102715
0.8529411764705882,0.9212899879334866,351.44740643762833,100,78.29740643762835
0.8542016806722689,0.9231999458005715,351.4288907179134,100,78.27889071791344
0.8554621848739495,0.9254851764800109,351.43351170155074,100,78.28351170155076
0.8567226890756303,0.924022688702854,351.4205086066846,100,78.27050860668464
0.857983193277311,0.9287548821141522,351.3815835997273,100,78.23158359972734
0.8592436974789917,0.9260311054777886,351.3918623914116,100,78.24186239141164
0.8605042016806723,0.9291927527200906,351.41043092922763,100,78.26043092922765
0.861764705882353,0.9312941995594258,351.3745975560511,100,78.22459755605115
0.8630252100840337,0.9323482187584914,351.41180292256166,100,78.26180292256169
0.8642857142857143,0.9328058719087509,351.39134300381005,100,78.24134300381007
0.865546218487395,0.9345817937160293,351.3873608541773,100,78.23736085417733
0.8668067226890757,0.9356582595695428,351.4078829136418,100,78.25788291364182
0.8680672268907563,0.9369232402850727,351.40145159450566,100,78.25145159450568
0.869327731092437,0.9397235516768531,351.3843432736609,100,78.2343432736609
0.8705882352941177,0.9405923096036122,351.41383660110336,100,78.26383660110338
0.8718487394957983,0.9409037290602016,351.3682047705547,100,78.21820477055473
0.873109243697479,0.9438575830687106,351.40140688998235,100,78.25140688998238
0.8743697478991597,0.9446266272519691,351.40029593706015,100,78.25029593706017
0.8756302521008403,0.9464935343877465,351.38166979514665,100,78.23166979514667
0.876890756302521,0.9476716456486464,351.39388875903916,100,78.24388875903918
0.8781512605042017,0.9475743663336158,351.36192524901145,100,78.21192524901147
0.8794117647058823,0.949204524842156,351.40508301480605,100,78.25508301480608
0.880672268907563,0.9518733440252913,351.38263040216816,100,78.23263040216818
0.8819327731092437,0.9530977652234166,351.37566845620825,100,78.22566845620827
0.8831932773109243,0.9538278379018342,351.4069635587579,100,78.25696355875795
0.884453781512605,0.9553274114169223,351.37182042860815,100,78.22182042860817
0.8857142857142857,0.957849093467217,351.3577229598792,100,78.20772295987922
0.8869747899159663,0.9573412017204079,351.35480292558753,100,78.20480292558756
0.888235294117647,0.959841215028229,351.3981549558547,100,78.24815495585472
0.8894957983193277,0.9784453781512605,351.36057882672037,100,78.2105788267204
0.8907563025210083,0.9798319327731093,351.42148684817954,100,78.27148684817956
0.892016806722689,0.8931155835746762,351.34500430563304,100,78.19500430563306
0.8932773109243697,0.8941027272733577,351.4208698135431,100,78.27086981354313
0.8945378151260504,0.8498109243697478,351.39150217569807,100,78.24150217569809
0.895798319327731,0.8510084033613444,351.3857295367377,100,78.23572953673772
0.8970588235294117,0.852205882352941,351.37718570695887,100,78.22718570695889
0.8983193277310925,0.8534033613445378,351.3965229024551,100,78.24652290245513
0.8995798319327731,0.8722821702181965,351.388276864,100,78.238276864
0.9008403361344538,0.8741392924029086,351.4116157446311,100,78.26161574463111
0.9021008403361345,0.8749076720716827,351.39238266462246,100,78.24238266462248
0.9033613445378151,0.8763575001666734,351.39367829190735,100,78.24367829190737
0.9046218487394958,0.8780783503027478,351.38399738248756,100,78.23399738248759
0.9058823529411765,0.8778876616697077,351.3907487939905,100,78.24074879399052
0.9071428571428571,0.8820209587042569,351.39868001590924,100,78.24868001590926
0.9084033613445378,0.8801452431227019,351.35897256573276,100,78.20897256573278
0.9096638655462185,0.8811597609670442,351.3668773418404,100,78.21687734184042
0.9109243697478991,0.8847547495289622,351.40938209715625,100,78.25938209715628
0.9121848739495798,0.8856109904250553,351.39861802198254,100,78.24861802198257
0.9134453781512605,0.8866661366237748,351.3922105620425,100,78.24221056204254
0.9147058823529411,0.8878930513916171,351.39695152524007,100,78.24695152524009
0.9159663865546218,0.8884751481851362,351.4042276854091,100,78.25422768540915
0.9172268907563025,0.8888128296621276,351.3871721339872,100,78.2371721339872
0.9184873949579831,0.8910085776674375,351.3830880655994,100,78.23308806559942
0.9197478991596638,0.8914783004733617,351.4032509386006,100,78.25325093860062
0.9210084033613445,0.8943532709939219,351.3804369768689,100,78.23043697686893
0.9222689075630252,0.8944537829546323,351.40882789664374,100,78.25882789664377
0.9235294117647058,0.8949980322149721,351.3672550733931,100,78.21725507339312
0.9247899159663865,0.8967248326457419,351.42251674166715,100,78.27251674166718
0.9260504201680672,0.8986818390173008,351.41199292616045,100,78.26199292616047
0.9273109243697478,0.8989278720858515,351.40824686759316,100,78.25824686759319
0.9285714285714286,0.8998920653187192,351.4233408224379,100,78.27334082243794
0.9298319327731093,0.9021806620014079,351.43753013961214,100,78.28753013961216
0.9310924369747899,0.903404630436655,351.4250121027534,100,78.27501210275341
0.9323529411764706,0.9038754097658053,351.36837915497694,100,78.21837915497696
0.9336134453781513,0.9051340037111884,351.38004241049435,100,78.23004241049438
0.9348739495798319,0.9070597810297946,351.3935377452298,100,78.24353774522984
0.9361344537815126,0.9066023358265699,351.40691644612616,100,78.25691644612618
0.9373949579831933,0.9078656454693209,351.4170661399074,100,78.2670661399074
0.938655462184874,0.9097773540980753,351.39247172830335,100,78.24247172830337
0.9399159663865546,0.9115050402432461,351.41094838027084,100,78.26094838027086
0.9411764705882353,0.9132520840361862,351.3922821067502,100,78.24228210675022
0.942436974789916,0.9156392217631679,351.39528389440864,100,78.24528389440866
0.9436974789915966,0.9162442142450508,351.37945076291226,100,78.22945076291228
0.9449579831932773,0.9164493051675155,351.38913178827187,100,78.23913178827189
0.946218487394958,0.9178129165652065,351.3805154480449,100,78.23051544804491
0.9474789915966386,0.9180520924841016,351.3879220653335,100,78.23792206533352
0.9487394957983193,0.9202587977883773,351.428337944488,100,78.27833794448804
0.95,0.9212113413610798,351.38803538152354,100,78.23803538152356
0.9512564102564102,0.9230414365090559,351.45936053634654,100,78.30936053634656
0.9525128205128205,0.9231102049538835,351.41619690807886,100,78.26619690807888
0.9537692307692307,0.9256755003603949,351.40957055589166,100,78.25957055589168
0.955025641025641,0.9279076107078743,351.3881730985993,100,78.2381730985993
0.9562820512820512,0.9274848295951328,351.41873351908794,100,78.26873351908796
0.9575384615384614,0.9292140194144065,351.392519787867,100,78.24251978786702
0.9587948717948718,0.9307211696327367,351.40569362825505,100,78.25569362825507
0.960051282051282,0.9308485231178577,351.4535891840597,100,78.30358918405972
0.9613076923076923,0.932692554020272,351.39951103947715,100,78.24951103947717
0.9625641025641025,0.9336997718879612,351.4233706401031,100,78.27337064010311
0.9638205128205128,0.9350035735344463,351.38518028219244,100,78.23518028219246
0.965076923076923,0.9353516056007599,351.3973058880977,100,78.24730588809774
0.9663333333333333,0.9373678435075922,351.4320842370114,100,78.28208423701142
0.9675897435897436,0.9390600495732967,351.3826896777957,100,78.23268967779575
0.9688461538461538,0.9412319128385642,351.4299345221094,100,78.27993452210944
0.9701025641025641,0.9419587580055724,351.4061903680851,100,78.25619036808513
0.9713589743589743,0.9443713875857166,351.37902652779604,100,78.22902652779607
0.9726153846153845,0.9426695755140349,351.40105281662835,100,78.25105281662837
0.9738717948717949,0.9455279616623617,351.40587032305126,100,78.25587032305128
0.9751282051282051,0.9460577009800972,351.39675328827656,100,78.24675328827658
0.9763846153846154,0.9492828798562946,351.3506912414528,100,78.20069124145283
0.9776410256410256,0.9475034965864397,351.365209940081,100,78.21520994008102
0.9788974358974358,0.948690790978332,351.3723350686448,100,78.22233506864484
0.9801538461538462,0.9501498381237867,351.3732028496277,100,78.22320284962774
0.9814102564102564,0.9498440529936388,351.3843818651927,100,78.23438186519274
0.9826666666666667,0.9526609116449859,351.3726676855542,100,78.2226676855542
0.9839230769230769,0.9536462519538309,351.33941786700007,100,78.18941786700009
0.9851794871794872,0.9557744963505788,351.3706031552616,100,78.22060315526164
0.9864358974358974,0.9571845764885976,351.371946221726,100,78.221946221726
0.9876923076923076,0.9599377093007543,351.3675239979529,100,78.21752399795292
0.988948717948718,0.9602306802484424,351.3743933683578,100,78.22439336835782
0.9902051282051282,0.9599220707033119,351.36575915355166,100,78.21575915355169
0.9914615384615385,0.960819277636344,351.35441816950424,100,78.20441816950427
0.9927179487179487,0.9634283294279167,351.33983352107805,100,78.18983352107807
0.9939743589743589,0.9628348949981075,351.30386580303593,100,78.15386580303596
0.9952307692307693,0.9672053049197005,351.341369000583,100,78.191369000583
0.9964871794871795,0.9677720042232852,351.332462941616,100,78.182462941616
0.9977435897435898,0.9673421063991774,351.3291117625508,100,78.1791117625508
0.999,0.9673168654709091,351.2933521675696,100,78.14335216756962
0.001,0.034473376930140756,523.5581409280362,1500,250.40814092803623
0.0018319327731092438,0.040749072443024836,523.0922480575356,1500,249.9422480575356
0.0026638655462184876,0.04848202810131054,522.7100385261508,1500,249.56003852615083
0.003495798319327731,0.056330887961053094,522.2695708714738,1500,249.1195708714738
0.004327731092436974,0.06156392586425242,521.929248935881,1500,248.77924893588101
0.005159663865546218,0.06856105287972682,521.6028840166623,1500,248.45288401666232
0.005991596638655462,0.07736858958372728,521.2851930631931,1500,248.13519306319313
0.006823529411764706,0.08353826163323436,520.9748239605452,1500,247.82482396054525
0.0076554621848739495,0.0892602527287999,520.7121175049706,1500,247.56211750497062
0.008487394957983193,0.09719882431424004,520.4085726594617,1500,247.25857265946172
0.009319327731092435,0.10307720754950074,520.1699372731358,1500,247.01993727313584
0.01015126050420168,0.10990726714661614,519.9288117110042,1500,246.7788117110042
0.010983193277310923,0.1173855283863137,519.6992425590159,1500,246.54924255901597
0.011815126050420167,0.12192923951181335,519.4728270199777,1500,246.3228270199777
0.01264705882352941,0.12873512686331784,519.2110016844613,1500,246.0610016844613
0.013478991596638654,0.13642404027405994,518.9811368182513,1500,245.83113681825137
0.014310924369747898,0.1423987248290209,518.8172878926429,1500,245.6672878926429
0.015142857142857142,0.15004017140109788,518.5780545652757,1500,245.42805456527572
0.015974789915966386,0.15501413276622694,518.3346939967765,1500,245.18469399677656
0.01680672268907563,0.16058678813968408,518.1579289310373,1500,245.00792893103733
0.017638655462184873,0.16942212040421117,517.9060877430935,1500,244.75608774309353
0.018470588235294117,0.17356826249304536,517.7044942211447,1500,244.55449422114475
0.01930252100840336,0.1795790640894074,517.4602978156363,1500,244.31029781563632
0.020134453781512605,0.18368395729161208,517.2797461878529,1500,244.1297461878529
0.02096638655462185,0.19004090741729807,517.055405917667,1500,243.90540591766705
0.021798319327731092,0.19605195503539558,516.7999112507412,1500,243.64991125074118
0.022630252100840336,0.2000246813809638,516.6123764203654,1500,243.46237642036544
0.02346218487394958,0.20666486992080882,516.3979757023883,1500,243.24797570238832
0.024294117647058824,0.210684638415345,516.208631727219,1500,243.058631727219
0.025126050420168067,0.2158793372009072,515.961693538681,1500,242.81169353868097
0.02595798319327731,0.22035187557708166,515.7974449142553,1500,242.6474449142553
0.026789915966386555,0.2274923577561425,515.61008018348,1500,242.46008018348004
0.0276218487394958,0.23022417462346795,515.3608376104132,1500,242.21083761041325
0.028453781512605043,0.23369579684061,515.1808178001841,1500,242.03081780018408
0.029285714285714286,0.24001728099835484,514.9729957272614,1500,241.8229957272614
0.03011764705882353,0.24234766189883009,514.8179734307764,1500,241.66797343077644
0.030949579831932774,0.24809082850275685,514.6470343716855,1500,241.49703437168557
0.031781512605042014,0.25018259278976285,514.4712503553578,1500,241.32125035535785
0.03261344537815126,0.2550276680975432,514.249930340988,1500,241.09993034098807
0.0334453781512605,0.26071975116471485,514.0871626688707,1500,240.93716266887077
0.034277310924369746,0.2653786284159655,513.8325409639026,1500,240.68254096390262
0.03510924369747899,0.2688757983611154,513.6315559439,1500,240.48155594390005
0.03594117647058823,0.27259680659043434,513.4704384448273,1500,240.32043844482735
0.03677310924369748,0.276359892731183,513.286118962385,1500,240.136118962385
0.03760504201680672,0.27906829296351804,513.0861517035131,1500,239.93615170351313
0.038436974789915965,0.2836468264578779,512.8558216339959,1500,239.70582163399592
0.03926890756302521,0.28765668500508484,512.7082671271662,1500,239.55826712716623
0.04010084033613445,0.29285265672153127,512.4998706063292,1500,239.3498706063292
0.040932773109243696,0.29574168132575485,512.3588125741067,1500,239.20881257410667
0.04176470588235294,0.2971586294554148,512.1762761152359,1500,239.02627611523587
0.042596638655462184,0.3026871984005914,511.97825472414917,1500,238.8282547241492
0.04342857142857143,0.30533407542913804,511.8199835354541,1500,238.66998353545415
0.04426050420168067,0.30830972951174446,511.6478942096905,1500,238.49789420969051
0.045092436974789915,0.3127805307504839,511.51216221703316,1500,238.3621622170332
0.04592436974789916,0.31631050704947855,511.38130788215966,1500,238.23130788215968
0.0467563025210084,0.31926460127872747,511.19457338036614,1500,238.04457338036616
0.047588235294117646,0.32050578828784915,511.07858703677005,1500,237.92858703677007
0.04842016806722689,0.32402005955705504,510.9130962097341,1500,237.7630962097341
0.049252100840336134,0.3276320934080609,510.762857922425,1500,237.612857922425
0.05008403361344538,0.3312499355209896,510.63024926101764,1500,237.48024926101766
0.05091596638655462,0.3327854893982332,510.4628616939444,1500,237.3128616939444
0.051747899159663865,0.33610070117816965,510.3200141203431,1500,237.17001412034313
0.05257983193277311,0.3382478554276685,510.1498357193878,1500,236.99983571938782
0.05341176470588235,0.3412866582040635,510.0498212662715,1500,236.89982126627154
0.0542436974789916,0.34649946945009946,509.84084883591214,1500,236.69084883591216
0.05507563025210084,0.3503249077204751,509.6486766461788,1500,236.4986766461788
0.055907563025210084,0.3522369830736259,509.4844406333431,1500,236.33444063334315
0.05673949579831933,0.35669029602282576,509.292619086095,1500,236.142619086095
0.05757142857142857,0.35944245649345735,509.10461804607576,1500,235.95461804607578
0.058403361344537816,0.3618248884583515,508.9372121879088,1500,235.78721218790884
0.05923529411764706,0.3661945649514056,508.7599424946609,1500,235.6099424946609
0.0600672268907563,0.3706871834210202,508.56027032061684,1500,235.41027032061686
0.06089915966386555,0.37236095768714034,508.3939289442688,1500,235.24392894426882
0.06173109243697479,0.37711956660412227,508.24523864890176,1500,235.09523864890178
0.06256302521008403,0.37598398833346025,508.0628064764956,1500,234.91280647649563
0.06339495798319328,0.38236014892160797,507.9496217170844,1500,234.79962171708445
0.06422689075630252,0.38444987316842544,507.89027994582085,1500,234.74027994582087
0.06505882352941177,0.3867829738082303,507.7897372509385,1500,234.63973725093854
0.065890756302521,0.38979198104157664,507.6555733565741,1500,234.50557335657413
0.06672268907563025,0.39023448317690396,507.5845643722712,1500,234.4345643722712
0.06755462184873949,0.39443231342253166,507.4994425971406,1500,234.34944259714064
0.06838655462184874,0.3973516411654281,507.4816270071013,1500,234.3316270071013
0.06921848739495798,0.40073208465917,507.374862352333,1500,234.22486235233305
0.07005042016806723,0.4009172098259143,507.2868658621844,1500,234.13686586218444
0.07088235294117647,0.4027344119525834,507.21074089229626,1500,234.06074089229628
0.07171428571428572,0.4050792187769925,507.1405666194295,1500,233.9905666194295
0.07254621848739495,0.40846960162947304,507.1209672513579,1500,233.97096725135793
0.0733781512605042,0.4097958364110007,507.0462742150679,1500,233.89627421506793
0.07421008403361344,0.4107943816578019,506.9767024560887,1500,233.8267024560887
0.07504201680672269,0.41364314529785073,506.9341476523248,1500,233.7841476523248
0.07587394957983193,0.4149858795324762,506.86450723953527,1500,233.7145072395353
0.07670588235294118,0.41757406787955637,506.85500986222354,1500,233.70500986222356
0.07753781512605042,0.41758206056147856,506.7691073847612,1500,233.6191073847612
0.07836974789915967,0.4195998874383285,506.67644627753816,1500,233.52644627753818
0.0792016806722689,0.421145141932745,506.6266732648434,1500,233.47667326484344
0.08003361344537815,0.42165119744024765,506.514852760042,1500,233.36485276004203
0.08086554621848739,0.4249575539996697,506.4084979309715,1500,233.25849793097154
0.08169747899159664,0.4264399665909046,506.3652163761019,1500,233.21521637610192
0.08252941176470588,0.427673755863552,506.2515992826009,1500,233.10159928260094
0.08336134453781513,0.4288975370839555,506.1236051025874,1500,232.97360510258744
0.08419327731092437,0.429155483238109,506.0419588019983,1500,232.89195880199833
0.08502521008403362,0.43156568360280156,505.9279802154811,1500,232.77798021548114
0.08585714285714285,0.4330373317671976,505.8162998951846,1500,232.66629989518464
0.0866890756302521,0.4339512260155814,505.76010390343924,1500,232.61010390343927
0.08752100840336134,0.43594691144730785,505.6769791505759,1500,232.52697915057593
0.08835294117647059,0.43784967599322283,505.5080407833245,1500,232.3580407833245
0.08918487394957983,0.44065347034848795,505.444928537489,1500,232.294928537489
0.09001680672268908,0.4402492501345842,505.3191738694104,1500,232.16917386941043
0.09084873949579832,0.44162683638072714,505.22224718040206,1500,232.0722471804021
0.09168067226890757,0.44257817676643846,505.1216550252873,1500,231.9716550252873
0.0925126050420168,0.4420074084132252,505.01987140164704,1500,231.86987140164706
0.09334453781512606,0.4451649401836852,504.9443299096048,1500,231.7943299096048
0.09417647058823529,0.44651017341414734,504.83593353062366,1500,231.68593353062369
0.09500840336134454,0.4501663864063965,504.77056437043734,1500,231.62056437043736
0.09584033613445378,0.4487601935936391,504.68058766693,1500,231.53058766693005
0.09667226890756303,0.4505012185702381,504.59751000676965,1500,231.44751000676968
0.09750420168067227,0.4514112797628301,504.5095184256084,1500,231.35951842560843
0.09833613445378152,0.4515243346648642,504.44662404509774,1500,231.29662404509776
0.09916806722689075,0.4550850493430654,504.4092894983883,1500,231.25928949838834
0.1,0.45594593381615667,504.34587600903023,1500,231.19587600903026
0.10588235294117648,0.4647062589564232,504.0126953365263,1500,230.86269533652631
0.11176470588235295,0.4709686735654982,503.7806181887811,1500,230.6306181887811
0.11764705882352942,0.4803486151572325,503.53208158122936,1500,230.3820815812294
0.12352941176470589,0.48386037362238976,503.2203457116291,1500,230.0703457116291
0.12941176470588237,0.4915590080131742,503.00602471934235,1500,229.85602471934237
0.13529411764705884,0.49841093355710614,502.7345584956657,1500,229.5845584956657
0.1411764705882353,0.500148687007878,502.52848628518086,1500,229.37848628518088
0.14705882352941177,0.5052201515383181,502.2867029885962,1500,229.1367029885962
0.15294117647058825,0.5102934858234335,502.06314680856406,1500,228.91314680856408
0.15882352941176472,0.513889549361585,501.8731013953408,1500,228.72310139534085
0.1647058823529412,0.5168650036203399,501.71890234696275,1500,228.56890234696277
0.17058823529411765,0.5223619696516846,501.5380532081438,1500,228.38805320814384
0.17647058823529413,0.5249955862898112,501.32906933757505,1500,228.17906933757507
0.1823529411764706,0.530214355573436,501.1703523288473,1500,228.0203523288473
0.18823529411764706,0.5324542479718536,500.92765188138674,1500,227.77765188138676
0.19411764705882356,0.5385381977098334,500.7524885787243,1500,227.60248857872432
0.2,0.5398325244456381,500.5089787115306,1500,227.3589787115306
0.2058823529411765,0.543942232815915,500.2877553888683,1500,227.1377553888683
0.21176470588235297,0.5487201403528829,500.0667544375612,1500,226.91675443756122
0.21764705882352942,0.5502817488084714,499.8208783720147,1500,226.67087837201473
0.22352941176470592,0.5552795732116549,499.61978607016005,1500,226.46978607016007
0.22941176470588237,0.5598021851462593,499.4639162024083,1500,226.31391620240834
0.23529411764705885,0.5602131868585448,499.2809765643444,1500,226.13097656434445
0.24117647058823533,0.5652115672440554,499.1872193214272,1500,226.03721932142724
0.2470588235294118,0.5683738692807732,499.05100029402166,1500,225.90100029402169
0.2529411764705882,0.5718638064851859,499.00820819361746,1500,225.8582081936175
0.25882352941176473,0.572694128272593,498.9672207409697,1500,225.81722074096973
0.26470588235294124,0.5753409702009256,498.8423241691423,1500,225.6923241691423
0.2705882352941177,0.5797951228879387,498.837608129252,1500,225.687608129252
0.27647058823529413,0.5820634813989367,498.8311285892877,1500,225.6811285892877
0.2823529411764706,0.5843920200917986,498.7816503411095,1500,225.63165034110955
0.2882352941176471,0.5867455255610671,498.75564324938284,1500,225.60564324938287
0.2941176470588236,0.587863553140621,498.693964077974,1500,225.543964077974
0.30000000000000004,0.5908129698711317,498.66075322484596,1500,225.51075322484598
0.3058823529411765,0.5928092533885287,498.6038804497827,1500,225.45388044978273
0.31176470588235294,0.5936413092962978,498.5731578395329,1500,225.4231578395329
0.31764705882352945,0.5979706187107438,498.4923751778007,1500,225.3423751778007
0.32352941176470595,0.5982432529203131,498.4260404560466,1500,225.27604045604664
0.3294117647058824,0.5981637732448751,498.3374103049989,1500,225.18741030499893
0.33529411764705885,0.6015240566646081,498.2564536814117,1500,225.10645368141172
0.3411764705882353,0.6013377058992103,498.17215184417444,1500,225.02215184417446
0.3470588235294118,0.6044825035145566,498.09716921369164,1500,224.94716921369167
0.3529411764705883,0.6061808812874576,497.9830583254267,1500,224.83305832542675
0.35882352941176476,0.6054783950607202,497.8930774225543,1500,224.74307742255434
0.3647058823529412,0.6085054046564426,497.81921589827994,1500,224.66921589827996
0.37058823529411766,0.609190843302156,497.6823855162721,1500,224.53238551627214
0.3764705882352941,0.6108566718726898,497.54479079790616,1500,224.39479079790618
0.3823529411764707,0.6132359023118394,497.4630408232319,1500,224.31304082323192
0.3882352941176471,0.6124735998982469,497.3221812669044,1500,224.17218126690443
0.3941176470588236,0.6134479443930904,497.1867913900183,1500,224.03679139001832
0.4,0.6149251053187145,497.1127520610849,1500,223.96275206108493
0.40588235294117647,0.6167694280915204,497.01127057913243,1500,223.86127057913245
0.41176470588235303,0.619463867522031,496.9701054252337,1500,223.82010542523375
0.4176470588235295,0.6220479980486608,496.9206514882139,1500,223.7706514882139
0.42352941176470593,0.6243513933544932,496.91032406661884,1500,223.76032406661886
0.4294117647058824,0.6274393105744726,496.8494275065818,1500,223.6994275065818
0.43529411764705883,0.629299158580584,496.81034287657826,1500,223.66034287657828
0.4411764705882354,0.6335173610261716,496.80505206646507,1500,223.6550520664651
0.44705882352941184,0.6346475175771648,496.71604430631186,1500,223.56604430631188
0.4529411764705883,0.6405184045435033,496.7310072015932,1500,223.5810072015932
0.45882352941176474,0.6413147135003543,496.6981258028604,1500,223.5481258028604
0.4647058823529412,0.6426963702473694,496.5966324371348,1500,223.44663243713484
0.47058823529411775,0.6453036384702724,496.5803112922577,1500,223.43031129225773
0.4764705882352942,0.6496236219744721,496.48560284190114,1500,223.33560284190116
0.48235294117647065,0.6516190441535523,496.3845251452969,1500,223.2345251452969
0.4882352941176471,0.6551817269637807,496.3145224526378,1500,223.1645224526378
0.49411764705882355,0.6574791691386399,496.25379114058086,1500,223.10379114058088
0.5000000000000001,0.6593734165217621,496.1184362674548,1500,222.96843626745482
0.5058823529411766,0.6609309978750844,496.0285328382796,1500,222.87853283827963
0.511764705882353,0.6624748461279885,495.927935152485,1500,222.77793515248504
0.5176470588235295,0.6656245591233239,495.8409005211826,1500,222.69090052118264
0.5235294117647059,0.6688690431008416,495.8048052008999,1500,222.65480520089994
0.5294117647058825,0.6700429572929942,495.7112383822586,1500,222.56123838225864
0.5352941176470589,0.6703067345211047,495.6786310342101,1500,222.52863103421015
0.5411764705882354,0.6733898662590043,495.62394284649844,1500,222.47394284649846
0.5470588235294118,0.6752400288023787,495.605607071993,1500,222.45560707199303
0.5529411764705883,0.6756159059058824,495.5702459505019,1500,222.4202459505019
0.5588235294117647,0.6783387779711765,495.55566105187063,1500,222.40566105187065
0.5647058823529413,0.6800020004843148,495.4986183400664,1500,222.34861834006642
0.5705882352941177,0.680666221519943,495.47867901366203,1500,222.32867901366205
0.5764705882352942,0.6841722521550705,495.43988707044025,1500,222.28988707044027
0.5823529411764706,0.6865536069968595,495.42486885880356,1500,222.2748688588036
0.5882352941176471,0.68946052728249,495.41327823587545,1500,222.26327823587548
0.5941176470588236,0.6920452550164498,495.3896137094489,1500,222.23961370944892
0.6000000000000001,0.6924439750913598,495.32168197718664,1500,222.17168197718667
0.6058823529411765,0.6959091050940862,495.32046022383815,1500,222.17046022383818
0.611764705882353,0.7005612248656563,495.29079699934795,1500,222.14079699934797
0.6176470588235294,0.7039120884135486,495.23062423170063,1500,222.08062423170065
0.6235294117647059,0.707397196022853,495.2169997358382,1500,222.06699973583824
0.6294117647058824,0.7143293383208142,495.11991515580144,1500,221.96991515580146
0.6352941176470589,0.7147314480641476,495.0656256399174,1500,221.91562563991744
0.6411764705882353,0.7190484457565921,495.0096546369679,1500,221.85965463696795
0.6470588235294118,0.7226664558925042,495.02982458965903,1500,221.87982458965905
0.6529411764705882,0.7261895504525385,494.96801187131865,1500,221.81801187131867
0.6588235294117648,0.7290536056984166,494.90956175257344,1500,221.75956175257346
0.6647058823529413,0.7339424501849567,494.87313157911416,1500,221.72313157911418
0.6705882352941177,0.7361880316608949,494.8033728987927,1500,221.65337289879272
0.6764705882352942,0.7404430636792038,494.83502174479474,1500,221.68502174479477
0.6823529411764706,0.7438340732581487,494.75117054637747,1500,221.6011705463775
0.6882352941176472,0.7479402741849004,494.7158906679954,1500,221.5658906679954
0.6941176470588236,0.7535945252079965,494.69631045859376,1500,221.54631045859378
0.7000000000000001,0.7541327348074084,494.66237413861387,1500,221.5123741386139
0.7058823529411765,0.7630392013668452,494.63068358427347,1500,221.4806835842735
0.711764705882353,0.7670931664817516,494.5859647208031,1500,221.4359647208031
0.7176470588235295,0.7745868916636225,494.58851147386457,1500,221.4385114738646
0.723529411764706,0.7825007153028498,494.5953940484266,1500,221.44539404842664
0.7294117647058824,0.7878289859014485,494.5644010839841,1500,221.4144010839841
0.7352941176470589,0.7930399022808943,494.5500187915579,1500,221.4000187915579
0.7411764705882353,0.7997552845260342,494.4893887799331,1500,221.33938877993313
0.7470588235294118,0.8075031271606994,494.4619470970377,1500,221.31194709703772
0.7529411764705883,0.8124461039565184,494.4618900276386,1500,221.31189002763864
0.7588235294117648,0.819745870354288,494.4485997165729,1500,221.29859971657294
0.7647058823529412,0.8259279247810805,494.4527337877437,1500,221.3027337877437
0.7705882352941177,0.8315836937700414,494.3805230976597,1500,221.23052309765973
0.7764705882352941,0.840732179383443,494.4285159304278,1500,221.27851593042783
0.7823529411764707,0.8455750954929064,494.3782198078282,1500,221.22821980782822
0.7882352941176471,0.8492689750604013,494.3560723012112,1500,221.20607230121124
0.7941176470588236,0.8578335131382989,494.3272451140359,1500,221.17724511403594
0.8,0.8633382135352317,494.2967870762278,1500,221.14678707622784
0.8012605042016807,0.8662137778726114,494.34250081498965,1500,221.19250081498967
0.8025210084033614,0.8659301683371976,494.3236277887192,1500,221.17362778871922
0.803781512605042,0.8679692971719786,494.2924558143959,1500,221.14245581439593
0.8050420168067227,0.869950365430241,494.28841538144513,1500,221.13841538144516
0.8063025210084034,0.8716724778832458,494.30363025340677,1500,221.1536302534068
0.807563025210084,0.8709677708198351,494.3397211789456,1500,221.1897211789456
0.8088235294117647,0.873194910528865,494.29710827753087,1500,221.1471082775309
0.8100840336134454,0.8744158109913601,494.2681599012152,1500,221.11815990121522
0.811344537815126,0.8755987716077626,494.28919259884697,1500,221.139192598847
0.8126050420168067,0.8793788996184324,494.28449847724653,1500,221.13449847724655
0.8138655462184874,0.8793797716269274,494.2318202374875,1500,221.08182023748753
0.8151260504201681,0.8790752504994466,494.28043537354,1500,221.13043537354002
0.8163865546218487,0.8826153409386515,494.27262436094753,1500,221.12262436094755
0.8176470588235294,0.8851809797264244,494.2868519664706,1500,221.1368519664706
0.8189075630252101,0.885452633327778,494.30556008213046,1500,221.15556008213048
0.8201680672268908,0.8842621426390881,494.2867390418071,1500,221.13673904180712
0.8214285714285715,0.886658623069991,494.2544357348095,1500,221.1044357348095
0.8226890756302522,0.8897711128298591,494.2332730707631,1500,221.08327307076314
0.8239495798319328,0.8891578767528688,494.3024505047261,1500,221.15245050472612
0.8252100840336135,0.8916707101844489,494.24774236296315,1500,221.09774236296317
0.8264705882352942,0.8933628693475472,494.2424115581343,1500,221.0924115581343
0.8277310924369748,0.8930226493603548,494.2372310674514,1500,221.0872310674514
0.8289915966386555,0.8952513990136862,494.2372668066837,1500,221.08726680668372
0.8302521008403362,0.8934310015674941,494.2260257173745,1500,221.07602571737453
0.8315126050420169,0.897009225804044,494.2130690979827,1500,221.06306909798275
0.8327731092436975,0.8991423898318002,494.2092614966586,1500,221.05926149665862
0.8340336134453782,0.8995085193390436,494.21523219879066,1500,221.06523219879068
0.8352941176470589,0.9037500583627552,494.2007449353252,1500,221.0507449353252
0.8365546218487395,0.9020488502186781,494.1931255859814,1500,221.04312558598144
0.8378151260504202,0.9044002916477569,494.205328407903,1500,221.055328407903
0.8390756302521009,0.9063324212495552,494.1939711180346,1500,221.04397111803462
0.8403361344537815,0.9090042984991502,494.22508026500145,1500,221.07508026500147
0.8415966386554622,0.9074885075967198,494.137974962214,1500,220.98797496221403
0.8428571428571429,0.9114488780378693,494.20888798537095,1500,221.05888798537097
0.8441176470588235,0.911657291884549,494.2081179054244,1500,221.0581179054244
0.8453781512605042,0.9120268947102966,494.13794693995214,1500,220.98794693995217
0.8466386554621849,0.9148318513734229,494.1688650520215,1500,221.0188650520215
0.8478991596638655,0.9159301521325482,494.16468488865576,1500,221.01468488865578
0.8491596638655462,0.9164922200976311,494.14045454341635,1500,220.99045454341638
0.8504201680672269,0.918523583597595,494.14964101064953,1500,220.99964101064955
0.8516806722689075,0.9194298124535584,494.13968521683097,1500,220.989685216831
0.8529411764705882,0.8530546938158394,494.19375368068864,1500,221.04375368068867
0.8542016806722689,0.8548638113467899,494.174350852997,1500,221.02435085299703
0.8554621848739495,0.8570482016900949,494.17812020207464,1500,221.02812020207466
0.8567226890756303,0.9423949579831934,494.1643024847161,1500,221.0143024847161
0.857983193277311,0.8150840336134454,494.12460140598375,1500,220.97460140598378
0.8592436974789917,0.8572916096794692,494.1341442152607,1500,220.9841442152607
0.8605042016806723,0.8603524165856368,494.1520183986871,1500,221.00201839868714
0.861764705882353,0.8186764705882353,494.11553374250786,1500,220.9655337425079
0.8630252100840337,0.8374154456492476,494.15213095205496,1500,221.00213095205498
0.8642857142857143,0.8377344433373223,494.13110500659496,1500,220.981105006595
0.865546218487395,0.8393717096824158,494.1265979387565,1500,220.97659793875653
0.8668067226890757,0.8403095200737445,494.1466351667656,1500,220.9966351667656
0.8680672268907563,0.8414358453270894,494.13975808117203,1500,220.98975808117206
0.869327731092437,0.8440975012566849,494.1222420371155,1500,220.9722420371155
0.8705882352941177,0.8448276037212591,494.15136466283946,1500,221.00136466283948
0.8718487394957983,0.8450003677156637,494.1053981303133,1500,220.9553981303133
0.873109243697479,0.8478155662619878,494.138300525752,1500,220.98830052575204
0.8743697478991597,0.8484459549830614,494.1369238050772,1500,220.9869238050772
0.8756302521008403,0.850174206656654,494.1180648298949,1500,220.9680648298949
0.876890756302521,0.851213662455369,494.1300828732503,1500,220.9800828732503
0.8781512605042017,0.8509777276781536,494.0979493336646,1500,220.9479493336646
0.8794117647058823,0.8524692307245089,494.14096693912813,1500,220.99096693912816
0.880672268907563,0.8549993944454594,494.1184030136337,1500,220.96840301363375
0.8819327731092437,0.8560851601813998,494.11135758053945,1500,220.96135758053947
0.8831932773109243,0.8566765773976324,494.14259599992465,1500,220.99259599992467
0.884453781512605,0.8580374954505356,494.10742196882785,1500,220.95742196882787
0.8857142857142857,0.8604205220386455,494.09331835961706,1500,220.94331835961708
0.8869747899159663,0.8597739748296516,494.0904159235564,1500,220.94041592355643
0.888235294117647,0.8621353326752876,494.133808269015,1500,220.98380826901501
0.8894957983193277,0.8626087317173139,494.09629415028024,1500,220.94629415028027
0.8907563025210083,0.8638159322421509,494.1572848555948,1500,221.00728485559483
0.892016806722689,0.8663550793729955,494.0809046486071,1500,220.9309046486071
0.8932773109243697,0.8673044079456266,494.156891122027,1500,221.006891122027
0.8945378151260504,0.8685151903082695,494.1276620578906,1500,220.9776620578906
0.895798319327731,0.8702298485550535,494.1220445790852,1500,220.9720445790852
0.8970588235294117,0.870168062665162,494.11367147415547,1500,220.9636714741555
0.8983193277310925,0.8720517008704546,494.13319393744246,1500,220.98319393744248
0.8995798319327731,0.8722821702181965,494.12514668796746,1500,220.97514668796748
0.9008403361344538,0.8741392924029086,494.14869685701575,1500,220.99869685701577
0.9021008403361345,0.8749076720716827,494.12968654310896,1500,220.97968654310898
0.9033613445378151,0.8763575001666734,494.131215392428,1500,220.981215392428
0.9046218487394958,0.8780783503027478,494.12177713922233,1500,220.97177713922235
0.9058823529411765,0.8778876616697077,494.1287796193671,1500,220.97877961936712
0.9071428571428571,0.8820209587042569,494.13696930060286,1500,220.98696930060288
0.9084033613445378,0.8801452431227019,494.09752667866644,1500,220.94752667866646
0.9096638655462185,0.8811597609670442,494.1057016301847,1500,220.9557016301847
0.9109243697478991,0.8847547495289622,494.1484808863294,1500,220.99848088632945
0.9121848739495798,0.8856109904250553,494.13799461565054,1500,220.98799461565056
0.9134453781512605,0.8866661366237748,494.1318672421189,1500,220.98186724211894
0.9147058823529411,0.8878930513916171,494.1368895518861,1500,220.98688955188612
0.9159663865546218,0.8884751481851362,494.14444729703365,1500,220.99444729703367
0.9172268907563025,0.8888128296621276,494.12767254724673,1500,220.97767254724675
0.9184873949579831,0.8910085776674375,494.12386747539813,1500,220.97386747539815
0.9197478991596638,0.8914783004733617,494.14430651809033,1500,220.99430651809035
0.9210084033613445,0.8943532709939219,494.1217648774492,1500,220.97176487744923
0.9222689075630252,0.8944537829546323,494.1504232479618,1500,221.0004232479618
0.9235294117647058,0.8949980322149721,494.10911198334367,1500,220.9591119833437
0.9247899159663865,0.8967248326457419,494.1646282963927,1500,221.01462829639274
0.9260504201680672,0.8986818390173008,494.1543511900511,1500,221.00435119005112
0.9273109243697478,0.8989278720858515,494.15084288328677,1500,221.0008428832868
0.9285714285714286,0.8998920653187192,494.1661646108198,1500,221.01616461081983
0.9298319327731093,0.9021806620014079,494.1805706998154,1500,221.03057069981543
0.9310924369747899,0.903404630436655,494.1682574121588,1500,221.01825741215885
0.9323529411764706,0.9038754097658053,494.1118161692129,1500,220.9618161692129
0.9336134453781513,0.9051340037111884,494.12365706343695,1500,220.97365706343697
0.9348739495798319,0.9070597810297946,494.13731494900276,1500,220.98731494900278
0.9361344537815126,0.9066023358265699,494.15084009110075,1500,221.00084009110077
0.9373949579831933,0.9078656454693209,494.1611190947026,1500,221.01111909470262
0.938655462184874,0.9097773540980753,494.136635839786,1500,220.986635839786
0.9399159663865546,0.9115050402432461,494.1552044735551,1500,221.00520447355512
0.9411764705882353,0.9132520840361862,494.13660998519816,1500,220.98660998519819
0.942436974789916,0.9156392217631679,494.1396623396299,1500,220.98966233962994
0.9436974789915966,0.9162442142450508,494.1238575347641,1500,220.97385753476414
0.9449579831932773,0.9164493051675155,494.13354362485927,1500,220.9835436248593
0.946218487394958,0.9178129165652065,494.1249080657205,1500,220.9749080657205
0.9474789915966386,0.9180520924841016,494.1322701586975,1500,220.98227015869753
0.9487394957983193,0.9202587977883773,494.1726151863883,1500,221.02261518638835
0.95,0.9212113413610798,494.13221442305576,1500,220.98221442305578
0.9512564102564102,0.9230414365090559,494.2034134649624,1500,221.05341346496243
0.9525128205128205,0.9231102049538835,494.1600945252813,1500,221.01009452528132
0.9537692307692307,0.9256755003603949,494.15328265135435,1500,221.00328265135437
0.955025641025641,0.9279076107078743,494.13166845016696,1500,220.98166845016698
0.9562820512820512,0.9274848295951328,494.1619798927761,1500,221.01197989277614
0.9575384615384614,0.9292140194144065,494.13548393786215,1500,220.98548393786217
0.9587948717948718,0.9307211696327367,494.1483412969144,1500,220.99834129691442
0.960051282051282,0.9308485231178577,494.19588510191153,1500,221.04588510191155
0.9613076923076923,0.932692554020272,494.14141892522053,1500,220.99141892522056
0.9625641025641025,0.9336997718879612,494.1648532006081,1500,221.01485320060812
0.9638205128205128,0.9350035735344463,494.12619921249996,1500,220.97619921249998
0.965076923076923,0.9353516056007599,494.13782187141953,1500,220.98782187141956
0.9663333333333333,0.9373678435075922,494.1720569447302,1500,221.0220569447302
0.9675897435897436,0.9390600495732967,494.12207776946497,1500,220.972077769465
0.9688461538461538,0.9412319128385642,494.16869564545374,1500,221.01869564545376
0.9701025641025641,0.9419587580055724,494.1442811589998,1500,220.9942811589998
0.9713589743589743,0.9443713875857166,494.1164026103473,1500,220.9664026103473
0.9726153846153845,0.9426695755140349,494.1376688030533,1500,220.98766880305334
0.9738717948717949,0.9455279616623617,494.14167981375795,1500,220.99167981375797
0.9751282051282051,0.9460577009800972,494.13170887184395,1500,220.98170887184398
0.9763846153846154,0.9492828798562946,494.0847444946307,1500,220.9347444946307
0.9776410256410256,0.9475034965864397,494.0983114277901,1500,220.94831142779014
0.9788974358974358,0.948690790978332,494.10443434397666,1500,220.9544343439767
0.9801538461538462,0.9501498381237867,494.1042484538449,1500,220.9542484538449
0.9814102564102564,0.9498440529936388,494.11432132772853,1500,220.96432132772856
0.9826666666666667,0.9526609116449859,494.10144752401294,1500,220.95144752401296
0.9839230769230769,0.9536462519538309,494.0669835871569,1500,220.91698358715695
0.9851794871794872,0.9557744963505788,494.0968992510626,1500,220.94689925106263
0.9864358974358974,0.9571845764885976,494.096916175288,1500,220.94691617528804
0.9876923076923076,0.9599377093007543,494.09111027956385,1500,220.94111027956387
0.988948717948718,0.9602306802484424,494.09653743647647,1500,220.9465374364765
0.9902051282051282,0.9599220707033119,494.08640145480757,1500,220.9364014548076
0.9914615384615385,0.960819277636344,494.0734981386979,1500,220.92349813869794
0.9927179487179487,0.9634283294279167,494.05728958118095,1500,220.90728958118098
0.9939743589743589,0.9628348949981075,494.01963536519025,1500,220.86963536519028
0.9952307692307693,0.9672053049197005,494.05538846410195,1500,220.90538846410197
0.9964871794871795,0.9677720042232852,494.0446676939837,1500,220.8946676939837
0.9977435897435898,0.9673421063991774,494.0394361794222,1500,220.8894361794222
0.999,0.9673168654709091,494.00172961277053,1500,220.85172961277055
0.001,0.034473184741246526,539.6237462641059,2000,266.4737462641059
0.0018319327731092438,0.040748720365890875,539.1444577560744,2000,265.99445775607444
0.0026638655462184876,0.04848151613593684,538.7496893597979,2000,265.59968935979794
0.003495798319327731,0.05633021610743966,538.297443330051,2000,265.14744333005103
0.004327731092436974,0.06156309412239925,537.9460672263929,2000,264.7960672263929
0.005159663865546218,0.06856006124963392,537.6093160632958,2000,264.4593160632958
0.005991596638655462,0.07736743806539463,537.2818505073176,2000,264.1318505073176
0.006823529411764706,0.08353695022666198,536.9622621607127,2000,263.81226216071275
0.0076554621848739495,0.08925878143398777,536.6908355369156,2000,263.54083553691567
0.008487394957983193,0.0971971931311882,536.3790133161014,2000,263.2290133161014
0.009319327731092435,0.10307541647820916,536.1324870645697,2000,262.9824870645697
0.01015126050420168,0.10990531618708482,535.8838008645142,2000,262.73380086451425
0.010983193277310923,0.11738341753854266,535.646945019067,2000,262.49694501906697
0.011815126050420167,0.12192696877580257,535.4134604482169,2000,262.26346044821696
0.01264705882352941,0.1287326962390673,535.1447274597183,2000,261.9947274597183
0.013478991596638654,0.1364214497615697,534.9080600365385,2000,261.7580600365385
0.014310924369747898,0.1423959744282909,534.7374573671549,2000,261.5874573671549
0.015142857142857142,0.15003726111212817,534.4914628904471,2000,261.34146289044713
0.015974789915966386,0.15501106258901748,534.2412976434958,2000,261.09129764349586
0.01680672268907563,0.16058355807423488,534.057696804814,2000,260.907696804814
0.017638655462184873,0.16941873045052225,533.7990083729638,2000,260.64900837296386
0.018470588235294117,0.17356471265111667,533.5905757596718,2000,260.4405757596718
0.01930252100840336,0.179575354359239,533.3395680389101,2000,260.1895680389101
0.020134453781512605,0.18368008767320393,533.1522524954903,2000,260.0022524954903
0.02096638655462185,0.1900368779106502,532.9212153328117,2000,259.7712153328117
0.021798319327731092,0.19604776564050794,532.6591104200636,2000,259.5091104200636
0.022630252100840336,0.20002033209783646,532.4650716140632,2000,259.3150716140632
0.02346218487394958,0.20666036074944175,532.2442917771594,2000,259.09429177715947
0.024294117647058824,0.21067996935573818,532.0486935095721,2000,258.8986935095721
0.025126050420168067,0.21587450825306065,531.7956097219953,2000,258.64560972199536
0.02595798319327731,0.22034688674099537,531.6253075278239,2000,258.47530752782393
0.026789915966386555,0.22748720903181646,531.4319645925091,2000,258.2819645925091
0.0276218487394958,0.2302188660109022,531.1768025160226,2000,258.0268025160226
0.028453781512605043,0.23369032833980452,530.990905239407,2000,257.840905239407
0.029285714285714286,0.24001165260930962,530.7772310730446,2000,257.62723107304464
0.03011764705882353,0.2423418736215451,530.6163653919803,2000,257.4663653919803
0.030949579831932774,0.24808488033723214,530.4395749930836,2000,257.28957499308365
0.031781512605042014,0.2501764847359984,530.2579150176374,2000,257.1079150176374
0.03261344537815126,0.255021400155539,530.0306799348782,2000,256.88067993487823
0.0334453781512605,0.26071332333447095,529.8619633368214,2000,256.71196333682144
0.034277310924369746,0.2653720406974818,529.6013746227475,2000,256.4513746227475
0.03510924369747899,0.268869050754392,529.3944203830849,2000,256.24442038308496
0.03594117647058823,0.2725898990954712,529.2273473264106,2000,256.07734732641063
0.03677310924369748,0.27635282534798017,529.037101821037,2000,255.88710182103705
0.03760504201680672,0.2790610656920755,528.8312539465169,2000,255.6812539465169
0.038436974789915965,0.2836394392981956,528.5951045412467,2000,255.44510454124668
0.03926890756302521,0.2876491379571628,528.4418078511711,2000,255.29180785117114
0.04010084033613445,0.29284494978536946,528.2277621722081,2000,255.07776217220817
0.040932773109243696,0.29573381450135333,528.0811638795916,2000,254.93116387959162
0.04176470588235294,0.29715060274277355,527.8932119306712,2000,254.74321193067124
0.042596638655462184,0.3026790117997104,527.6899156924915,2000,254.5399156924915
0.04342857142857143,0.3053257289400173,527.5265261722723,2000,254.3765261722723
0.04426050420168067,0.30830122313438396,527.3494906400571,2000,254.1994906400571
0.045092436974789915,0.3127718644848837,527.2089818244463,2000,254.05898182444628
0.04592436974789916,0.3163016808956386,527.073487282689,2000,253.92348728268905
0.0467563025210084,0.3192556152366478,526.8822136456455,2000,253.73221364564552
0.047588235294117646,0.3204966423575297,526.7617536939975,2000,253.61175369399757
0.04842016806722689,0.3240107537384959,526.5918192416719,2000,253.44181924167196
0.049252100840336134,0.32762262770126205,526.4371317673994,2000,253.2871317673994
0.05008403361344538,0.33124030992595094,526.3000328129187,2000,253.15003281291877
0.05091596638655462,0.33277570391495487,526.1280783022265,2000,252.97807830222655
0.051747899159663865,0.33609075580665154,525.9805515900251,2000,252.83055159002515
0.05257983193277311,0.3382377501679107,525.8055463110521,2000,252.65554631105215
0.05341176470588235,0.34127639305606594,525.7005216960648,2000,252.55052169606483
0.0542436974789916,0.3464890444138622,525.4863207140153,2000,252.3363207140153
0.05507563025210084,0.35031432279599806,525.2887024259079,2000,252.13870242590792
0.055907563025210084,0.3522262382609091,525.1188657223363,2000,251.96886572233632
0.05673949579831933,0.35667939132186927,524.9213580128286,2000,251.7713580128286
0.05757142857142857,0.3594313919042611,524.7276544598648,2000,251.5776544598648
0.058403361344537816,0.3618136639809155,524.5545988589062,2000,251.40459885890618
0.05923529411764706,0.3661831805857299,524.3718013138581,2000,251.22180131385812
0.0600672268907563,0.3706756391671048,524.1667922998439,2000,251.01679229984393
0.06089915966386555,0.37234925354498516,523.9953742161937,2000,250.8453742161937
0.06173109243697479,0.37710770257372733,523.8419364670311,2000,250.69193646703116
0.06256302521008403,0.3759719644148256,523.65514996736,2000,250.50514996736
0.06339495798319328,0.38234796511473357,523.5380090576343,2000,250.38800905763435
0.06422689075630252,0.38443752947331133,523.4750774249643,2000,250.32507742496432
0.06505882352941177,0.38677047022487643,523.3712786977941,2000,250.2212786977941
0.065890756302521,0.3897793175699831,523.2341601404706,2000,250.08416014047066
0.06672268907563025,0.39022165981707063,523.160465402748,2000,250.01046540274797
0.06755462184873949,0.39441933017445857,523.0728943239474,2000,249.9228943239474
0.06838655462184874,0.3973384980291153,523.0528334201979,2000,249.9028334201979
0.06921848739495798,0.40071878163461744,522.9439949818902,2000,249.79399498189025
0.07005042016806723,0.400903746913122,522.8540637785829,2000,249.70406377858296
0.07088235294117647,0.4027207891515514,522.7761107061275,2000,249.62611070612752
0.07171428571428572,0.4050654360877208,522.7041824814952,2000,249.55418248149522
0.07254621848739495,0.4084556590519615,522.6828708526699,2000,249.53287085266993
0.0733781512605042,0.40978173394524947,522.6064747868489,2000,249.45647478684896
0.07421008403361344,0.410780119303811,522.5351767697716,2000,249.38517676977165
0.07504201680672269,0.41362872305562004,522.4908400195528,2000,249.34084001955284
0.07587394957983193,0.4149712974020058,522.4193295121622,2000,249.26932951216224
0.07670588235294118,0.4175593258608462,522.4078414323135,2000,249.2578414323135
0.07753781512605042,0.4175671586545287,522.3197972332359,2000,249.16979723323595
0.07836974789915967,0.4195848256431388,522.2248386242433,2000,249.07483862424328
0.0792016806722689,0.4211299202493156,522.1726250319101,2000,249.02262503191014
0.08003361344537815,0.42163581586857857,522.0582339069539,2000,248.9082339069539
0.08086554621848739,0.4249420125397609,521.9491914545647,2000,248.79919145456472
0.08169747899159664,0.42642426524275606,521.9031183105649,2000,248.7531183105649
0.08252941176470588,0.4276578946271637,521.7866186994746,2000,248.63661869947464
0.08336134453781513,0.4288815159593275,521.6556641107651,2000,248.5056641107651
0.08419327731092437,0.4291393022252412,521.570992547726,2000,248.42099254772597
0.08502521008403362,0.43154934270169404,521.453936882357,2000,248.303936882357
0.08585714285714285,0.4330208309778504,521.3391407041594,2000,248.1891407041594
0.0866890756302521,0.4339345653379944,521.2798031128159,2000,248.12980311281592
0.08752100840336134,0.43593009088148116,521.1935240560102,2000,248.04352405601026
0.08835294117647059,0.4378326955391564,521.0214317178243,2000,247.8714317178243
0.08918487394957983,0.4406363300061818,520.9551788714148,2000,247.8051788714148
0.09001680672268908,0.4402319499040383,520.8263100104751,2000,247.67631001047516
0.09084873949579832,0.44160937626194147,520.7263085736711,2000,247.5763085736711
0.09168067226890757,0.442560556759413,520.6226941531783,2000,247.47269415317828
0.0925126050420168,0.4419896285179601,520.5179537839301,2000,247.36795378393015
0.09334453781512606,0.44514700040018035,520.4395341034028,2000,247.28953410340284
0.09417647058823529,0.44649207374240274,520.3283511304116,2000,247.17835113041167
0.09500840336134454,0.4501481268464122,520.2603000080427,2000,247.1103000080427
0.09584033613445378,0.44874177414541505,520.1677590115328,2000,247.0177590115328
0.09667226890756303,0.4504826392337743,520.0822477649021,2000,246.93224776490217
0.09750420168067227,0.4513925405381265,519.9919663411555,2000,246.8419663411555
0.09833613445378152,0.4515054355519209,519.9269388992967,2000,246.77693889929674
0.09916806722689075,0.4550659903418824,519.8876410649773,2000,246.7376410649773
0.1,0.4559267149267339,519.8224377859219,2000,246.67243778592194
0.10588235294117648,0.4646859095440933,519.4799401913892,2000,246.32994019138926
0.11176470588235295,0.470947193630261,519.2400803595688,2000,246.0900803595688
0.11764705882352942,0.48032600469908804,518.9835167132243,2000,245.8335167132243
0.12352941176470589,0.48383663264133814,518.663700338306,2000,245.51370033830597
0.12941176470588237,0.49153413650921535,518.4414444112979,2000,245.2914444112979
0.13529411764705884,0.4983849315302401,518.1623878606192,2000,245.01238786061924
0.1411764705882353,0.5001215544581047,517.9492350309329,2000,244.7992350309329
0.14705882352941177,0.5051918884656376,517.7008507691085,2000,244.55085076910848
0.15294117647058825,0.5102640922278457,517.4710736033061,2000,244.3210736033061
0.15882352941176472,0.51385902524309,517.2750874232355,2000,244.12508742323553
0.1647058823529412,0.5168333489789377,517.1151280663871,2000,243.96512806638714
0.17058823529411765,0.5223291844873752,516.9285993169286,2000,243.77859931692865
0.17647058823529413,0.5249616706025946,516.7139167730047,2000,243.56391677300473
0.1823529411764706,0.5301793093633121,516.5493822676602,2000,243.39938226766026
0.18823529411764706,0.5324180712388226,516.300645739775,2000,243.15064573977497
0.19411764705882356,0.538500890453895,516.1191280123339,2000,242.96912801233395
0.2,0.5397940866667926,515.8688482479137,2000,242.71884824791368
0.2058823529411765,0.5439026645141624,515.6404930505894,2000,242.4904930505894
0.21176470588235297,0.5486794415282229,515.412281091329,2000,242.262281091329
0.21764705882352942,0.5502399194609042,515.1594169842165,2000,242.0094169842165
0.22352941176470592,0.5552366133411805,514.951861706862,2000,241.80186170686204
0.22941176470588237,0.5597580947528777,514.7903550385467,2000,241.64035503854677
0.23529411764705885,0.560167965942256,514.6027731933808,2000,241.45277319338084
0.24117647058823533,0.5651652158048593,514.5052718608882,2000,241.35527186088825
0.2470588235294118,0.5683263873186699,514.3660789227454,2000,241.2160789227454
0.2529411764705882,0.5718151940001753,514.3209551517532,2000,241.17095515175322
0.25882352941176473,0.5726443852646753,514.2781503299783,2000,241.12815032997833
0.26470588235294124,0.5752900966701007,514.1518227517957,2000,241.00182275179577
0.2705882352941177,0.5797431188342065,514.1459341296339,2000,240.99593412963395
0.27647058823529413,0.5820103468222974,514.1384124927929,2000,240.98841249279292
0.2823529411764706,0.5843377549922519,514.0878946944443,2000,240.93789469444437
0.2882352941176471,0.5866901299386134,514.0607371184067,2000,240.9107371184067
0.2941176470588236,0.58780702699526,513.9977636745899,2000,240.84776367458994
0.30000000000000004,0.5907553132028635,513.9631098458456,2000,240.8131098458456
0.3058823529411765,0.5927504661973533,513.9046405041422,2000,240.75464050414223
0.31176470588235294,0.593581391582215,513.8721628484135,2000,240.72216284841352
0.31764705882352945,0.5979095704737539,513.7894617745483,2000,240.6394617745483
0.32352941176470595,0.598181074160416,513.7210403861924,2000,240.5710403861924
0.3294117647058824,0.5981004639620707,513.6301504262588,2000,240.48015042625877
0.33529411764705885,0.6014596168588965,513.5467559636863,2000,240.39675596368636
0.3411764705882353,0.6012721355705916,513.4598333695496,2000,240.30983336954966
0.3470588235294118,0.6044158026630306,513.3820421764382,2000,240.2320421764382
0.3529411764705883,0.6061130499130244,513.264930032,2000,240.11493003200007
0.35882352941176476,0.6054094331633797,513.1717516622145,2000,240.02175166221457
0.3647058823529412,0.608435312236195,513.0945276376905,2000,239.9445276376905
0.37058823529411766,0.6091196203590011,512.9542374525258,2000,239.80423745252585
0.3764705882352941,0.6107843184066277,512.8131551011476,2000,239.6631551011476
0.3823529411764707,0.6131624183228701,512.7279591366571,2000,239.5779591366571
0.3882352941176471,0.6123989853863703,512.5837647067609,2000,239.43376470676094
0.3941176470588236,0.6133721993583067,512.4452205456051,2000,239.29522054560516
0.4,0.6148482297610235,512.3682769947527,2000,239.21827699475273
0.40588235294117647,0.6166914220109222,512.2642108262834,2000,239.1142108262834
0.41176470588235303,0.6193847309185255,512.2208499943217,2000,239.07084999432175
0.4176470588235295,0.6219677309222481,512.1696514215304,2000,239.0196514215304
0.42352941176470593,0.6242699957051734,512.1579894891782,2000,239.00798948917827
0.4294117647058824,0.6273567824022455,512.0960524441415,2000,238.94605244414151
0.43529411764705883,0.6292154998854498,512.0561035428536,2000,238.90610354285366
0.4411764705882354,0.6334325718081301,512.0500068631297,2000,238.90000686312976
0.44705882352941184,0.6345615978362159,511.96013382299776,2000,238.81013382299778
0.4529411764705883,0.6404313542796474,511.9740542158905,2000,238.8240542158905
0.45882352941176474,0.6412265327135911,511.93983528031765,2000,238.78983528031767
0.4647058823529412,0.642607058937699,511.83660796518535,2000,238.68660796518537
0.47058823529411775,0.6452131966376947,511.8181765372093,2000,238.66817653720932
0.4764705882352942,0.6495320496189873,511.7210559863183,2000,238.5710559863183
0.48235294117647065,0.6515263412751603,511.6173391447807,2000,238.46733914478074
0.4882352941176471,0.6550878935624814,511.5445450358263,2000,238.3945450358263
0.49411764705882355,0.6573842052144334,511.4809448091486,2000,238.3309448091486
0.5000000000000001,0.6592773220746483,511.3427182961133,2000,238.1927182961133
0.5058823529411766,0.6608337729050634,511.2500152747769,2000,238.10001527477692
0.511764705882353,0.6623764906350603,511.146764817606,2000,237.99676481760605
0.5176470588235295,0.6655250731074884,511.05729900874894,2000,237.90729900874896
0.5235294117647059,0.668768426562099,511.0190648365748,2000,237.8690648365748
0.5294117647058825,0.6699412102313445,510.9236617552935,2000,237.77366175529352
0.5352941176470589,0.6702038569365476,510.88948444886387,2000,237.7394844488639
0.5411764705882354,0.6732858581515401,510.833455124646,2000,237.683455124646
0.5470588235294118,0.6751348901720071,510.8139695531254,2000,237.6639695531254
0.5529411764705883,0.6755096367526037,510.7776124917263,2000,237.62761249172632
0.5588235294117647,0.6782313782949906,510.76214802791026,2000,237.61214802791028
0.5647058823529413,0.6798934702852216,510.70430464326057,2000,237.5543046432606
0.5705882352941177,0.6805565607979427,510.68360605396623,2000,237.53360605396625
0.5764705882352942,0.6840614609101628,510.644058775426,2000,237.49405877542603
0.5823529411764706,0.6864416852290448,510.6282516736586,2000,237.47825167365863
0.5882352941176471,0.689347474991768,510.61580112392835,2000,237.46580112392837
0.5941176470588236,0.6919310722028205,510.5911773739371,2000,237.44117737393714
0.6000000000000001,0.6923286617548233,510.5221915840485,2000,237.37219158404855
0.6058823529411765,0.6957926612346425,510.5198326565343,2000,237.3698326565343
0.611764705882353,0.7004436504833055,510.48896085886105,2000,237.33896085886107
0.6176470588235294,0.7037933835082905,510.4275198365356,2000,237.27751983653565
0.6235294117647059,0.7072773605946876,510.4125791220223,2000,237.26257912202232
0.6294117647058824,0.7142083723697417,510.3141420768839,2000,237.16414207688393
0.6352941176470589,0.7146093515901677,510.2584755669699,2000,237.1084755669699
0.6411764705882353,0.7189252187597052,510.2011147585841,2000,237.0511147585841
0.6470588235294118,0.72254209837271,510.21989381195493,2000,237.06989381195496
0.6529411764705882,0.726064062409837,510.15670081793246,2000,237.00670081793248
0.6588235294117648,0.7289269871328079,510.0968927646656,2000,236.94689276466562
0.6647058823529413,0.7338147010964409,510.05913871536717,2000,236.9091387153672
0.6705882352941177,0.7360591520494718,509.98810193541135,2000,236.83810193541137
0.6764705882352942,0.7403130535448734,510.0185301755061,2000,236.86853017550612
0.6823529411764706,0.743702932600911,509.9335275824307,2000,236.78352758243074
0.6882352941176472,0.7478080030047556,509.8971772381619,2000,236.7471772381619
0.6941176470588236,0.7534611235049445,509.87661787836515,2000,236.72661787836518
0.7000000000000001,0.7541327348074084,509.8417903715149,2000,236.6917903715149
0.7058823529411765,0.7630392013668452,509.80928513677327,2000,236.6592851367733
0.711764705882353,0.7670931664817516,509.7638165375587,2000,236.6138165375587
0.7176470588235295,0.7745868916636225,509.76566693772054,2000,236.61566693772056
0.723529411764706,0.7825007153028498,509.771895002814,2000,236.62189500281403
0.7294117647058824,0.7878289859014485,509.7402802925931,2000,236.59028029259315
0.7352941176470589,0.7930399022808943,509.72530458621776,2000,236.57530458621778
0.7411764705882353,0.7997552845260342,509.66410557702693,2000,236.51410557702695
0.7470588235294118,0.8075031271606994,509.63611539750246,2000,236.4861153975025
0.7529411764705883,0.8124461039565184,509.6355264169653,2000,236.48552641696534
0.7588235294117648,0.819745870354288,509.6217168648066,2000,236.47171686480664
0.7647058823529412,0.8259279247810805,509.6253404494833,2000,236.47534044948333
0.7705882352941177,0.8315836937700414,509.5526241120582,2000,236.40262411205822
0.7764705882352941,0.840732179383443,509.6001122211921,2000,236.45011222119211
0.7823529411764707,0.8455750954929064,509.5493083832191,2000,236.39930838321914
0.7882352941176471,0.8492689750604013,509.52664625404356,2000,236.37664625404358
0.7941176470588236,0.8578335131382989,509.4972936216786,2000,236.3472936216786
0.8,0.8633382135352317,509.46629540060354,2000,236.31629540060356
0.8012605042016807,0.8662137778726114,509.511891092363,2000,236.361891092363
0.8025210084033614,0.8659301683371976,509.4928991240242,2000,236.3428991240242
0.803781512605042,0.8679692971719786,509.46160727404,2000,236.31160727404
0.8050420168067227,0.869950365430241,509.45744599330914,2000,236.30744599330916
0.8063025210084034,0.8716724778832458,509.47253900684484,2000,236.32253900684486
0.807563025210084,0.8709677708198351,509.5085070247853,2000,236.3585070247853
0.8088235294117647,0.873194910528865,509.4657701280732,2000,236.3157701280732
0.8100840336134454,0.8744158109913601,509.4366966302345,2000,236.28669663023453
0.811344537815126,0.8755987716077626,509.4576030415909,2000,236.30760304159094
0.8126050420168067,0.8793788996184324,509.4527814304362,2000,236.3027814304362
0.8138655462184874,0.8793797716269274,509.39997445931743,2000,236.24997445931746
0.8151260504201681,0.8790752504994466,509.44845958371167,2000,236.2984595837117
0.8163865546218487,0.8826153409386515,509.44051728534095,2000,236.29051728534097
0.8176470588235294,0.8851809797264244,509.4546124698792,2000,236.3046124698792
0.8189075630252101,0.885452633327778,509.4731871928019,2000,236.32318719280192
0.8201680672268908,0.8842621426390881,509.4542319514432,2000,236.30423195144323
0.8214285714285715,0.886658623069991,509.4217937985662,2000,236.27179379856625
0.8226890756302522,0.8897711128298591,509.40049580725065,2000,236.25049580725067
0.8239495798319328,0.8891578767528688,509.46953759600865,2000,236.31953759600867
0.8252100840336135,0.8916707101844489,509.41469365455924,2000,236.26469365455927
0.8264705882352942,0.8933628693475472,509.4092270590165,2000,236.2592270590165
0.8277310924369748,0.8930226493603548,509.4039109500465,2000,236.25391095004653
0.8289915966386555,0.8952513990136862,509.4038114068727,2000,236.25381140687273
0.8302521008403362,0.8934310015674941,509.3924355344925,2000,236.24243553449253
0.8315126050420169,0.897009225804044,509.3793447948189,2000,236.22934479481893
0.8327731092436975,0.8991423898318002,509.37540389945644,2000,236.22540389945647
0.8340336134453782,0.8995085193390436,509.3812422972478,2000,236.23124229724783
0.8352941176470589,0.9037500583627552,509.36662388259333,2000,236.21662388259335
0.8365546218487395,0.9020488502186781,509.3588746986666,2000,236.20887469866665
0.8378151260504202,0.9044002916477569,509.3709491660652,2000,236.22094916606522
0.8390756302521009,0.9063324212495552,509.3594651651881,2000,236.20946516518813
0.8403361344537815,0.9090042984991502,509.3904494081147,2000,236.24044940811473
0.8415966386554622,0.9074885075967198,509.30322117170954,2000,236.15322117170956
0.8428571428571429,0.9114488780378693,509.37401339512553,2000,236.22401339512555
0.8441176470588235,0.911657291884549,509.3731248127689,2000,236.2231248127689
0.8453781512605042,0.9299159663865547,509.30283780567163,2000,236.15283780567165
0.8466386554621849,0.8471007589364481,509.33364250035527,2000,236.1836425003553
0.8478991596638655,0.848098219359439,509.3293517072972,2000,236.1793517072972
0.8491596638655462,0.9340756302521009,509.3050136835129,2000,236.15501368351295
0.8504201680672269,0.8078991596638655,509.314095586803,2000,236.164095586803
0.8516806722689075,0.8512953586720458,509.30403850709723,2000,236.15403850709725
0.8529411764705882,0.8102941176470587,509.3580091265777,2000,236.20800912657774
0.8542016806722689,0.8114915966386554,509.3385120594731,2000,236.1885120594731
0.8554621848739495,0.8313843361438764,509.34219093755615,2000,236.19219093755618
0.8567226890756303,0.8297831929045345,509.32828668107555,2000,236.17828668107558
0.857983193277311,0.8343767308536479,509.2885031585479,2000,236.1385031585479
0.8592436974789917,0.8315142987550994,509.29796778281025,2000,236.14796778281027
0.8605042016806723,0.8345372905352165,509.31576820345725,2000,236.16576820345728
0.861764705882353,0.8365000819123669,509.2792143600658,2000,236.12921436006582
0.8630252100840337,0.8374154456492476,509.31574696377373,2000,236.16574696377376
0.8642857142857143,0.8377344433373223,509.2946608880634,2000,236.1446608880634
0.865546218487395,0.8393717096824158,509.2900980570204,2000,236.1400980570204
0.8668067226890757,0.8403095200737445,509.3100837803277,2000,236.16008378032774
0.8680672268907563,0.8414358453270894,509.3031593399923,2000,236.15315933999233
0.869327731092437,0.8440975012566849,509.2855999826107,2000,236.1355999826107
0.8705882352941177,0.8448276037212591,509.31468322788356,2000,236.1646832278836
0.8718487394957983,0.8450003677156637,509.2686811392372,2000,236.1186811392372
0.873109243697479,0.8478155662619878,509.3015516943436,2000,236.1515516943436
0.8743697478991597,0.8484459549830614,509.30014674058134,2000,236.15014674058136
0.8756302521008403,0.850174206656654,509.28126303101374,2000,236.13126303101376
0.876890756302521,0.851213662455369,509.2932597301427,2000,236.14325973014274
0.8781512605042017,0.8509777276781536,509.26110812794667,2000,236.1111081279467
0.8794117647058823,0.8524692307245089,509.3041108438729,2000,236.1541108438729
0.880672268907563,0.8549993944454594,509.28153509337125,2000,236.13153509337127
0.8819327731092437,0.8560851601813998,509.2744807912568,2000,236.12448079125681
0.8831932773109243,0.8566765773976324,509.30571318906595,2000,236.15571318906598
0.884453781512605,0.8580374954505356,509.2705358752943,2000,236.1205358752943
0.8857142857142857,0.8604205220386455,509.2564316137667,2000,236.10643161376674
0.8869747899159663,0.8597739748296516,509.2535310472045,2000,236.1035310472045
0.888235294117647,0.8621353326752876,509.29692767543366,2000,236.1469276754337
0.8894957983193277,0.8626087317173139,509.25942014419877,2000,236.1094201441988
0.8907563025210083,0.8638159322421509,509.3204196331994,2000,236.1704196331994
0.892016806722689,0.8663550793729955,509.24405029754104,2000,236.09405029754106
0.8932773109243697,0.8673044079456266,509.3200496213906,2000,236.1700496213906
0.8945378151260504,0.8685151903082695,509.2908352782411,2000,236.14083527824113
0.895798319327731,0.8702298485550535,509.28523428243705,2000,236.13523428243707
0.8970588235294117,0.870168062665162,509.27687931398,2000,236.12687931398
0.8983193277310925,0.8720517008704546,509.29642145866796,2000,236.146421458668
0.8995798319327731,0.8722821702181965,509.2883953269794,2000,236.13839532697943
0.9008403361344538,0.8741392924029086,509.3119679416565,2000,236.16196794165654
0.9021008403361345,0.8749076720716827,509.29298129267806,2000,236.1429812926781
0.9033613445378151,0.8763575001666734,509.29453491768186,2000,236.14453491768188
0.9046218487394958,0.8780783503027478,509.2851224423745,2000,236.1351224423745
0.9058823529411765,0.8778876616697077,509.292151594088,2000,236.14215159408803
0.9071428571428571,0.8820209587042569,509.3003687320201,2000,236.15036873202013
0.9084033613445378,0.8801452431227019,509.26095424336455,2000,236.11095424336457
0.9096638655462185,0.8811597609670442,509.26915789620523,2000,236.11915789620525
0.9109243697478991,0.8847547495289622,509.31196631317107,2000,236.1619663131711
0.9121848739495798,0.8856109904250553,509.3015095542688,2000,236.15150955426884
0.9134453781512605,0.8866661366237748,509.29541193492656,2000,236.14541193492659
0.9147058823529411,0.8878930513916171,509.3004641327528,2000,236.1504641327528
0.9159663865546218,0.8884751481851362,509.308051791286,2000,236.15805179128603
0.9172268907563025,0.8888128296621276,509.2913068716685,2000,236.14130687166852
0.9184873949579831,0.8910085776674375,509.2875314382301,2000,236.1375314382301
0.9197478991596638,0.8914783004733617,509.3079998190302,2000,236.15799981903024
0.9210084033613445,0.8943532709939219,509.2854871076518,2000,236.13548710765184
0.9222689075630252,0.8944537829546323,509.3141738900389,2000,236.1641738900389
0.9235294117647058,0.8949980322149721,509.27289041136413,2000,236.12289041136415
0.9247899159663865,0.8967248326457419,509.3284337758824,2000,236.1784337758824
0.9260504201680672,0.8986818390173008,509.31818287799285,2000,236.16818287799288
0.9273109243697478,0.8989278720858515,509.31469982812047,2000,236.1646998281205
0.9285714285714286,0.8998920653187192,509.3300457524424,2000,236.18004575244242
0.9298319327731093,0.9021806620014079,509.3444748695809,2000,236.19447486958092
0.9310924369747899,0.903404630436655,509.33218333287806,2000,236.18218333287808
0.9323529411764706,0.9038754097658053,509.27576245515394,2000,236.12576245515396
0.9336134453781513,0.9051340037111884,509.28762222032475,2000,236.13762222032477
0.9348739495798319,0.9070597810297946,509.3012973740194,2000,236.1512973740194
0.9361344537815126,0.9066023358265699,509.31483807288527,2000,236.1648380728853
0.9373949579831933,0.9078656454693209,509.3251308133511,2000,236.17513081335113
0.938655462184874,0.9097773540980753,509.3006593668515,2000,236.15065936685153
0.9399159663865546,0.9115050402432461,509.3192377720478,2000,236.16923777204784
0.9411764705882353,0.9132520840361862,509.3006509095852,2000,236.15065090958524
0.942436974789916,0.9156392217631679,509.30370863583545,2000,236.15370863583547
0.9436974789915966,0.9162442142450508,509.28790684016934,2000,236.13790684016936
0.9449579831932773,0.9164493051675155,509.2975934683024,2000,236.14759346830243
0.946218487394958,0.9178129165652065,509.2889558674967,2000,236.13895586749675
0.9474789915966386,0.9180520924841016,509.2963132305591,2000,236.14631323055914
0.9487394957983193,0.9202587977883773,509.3366507315446,2000,236.1866507315446
0.95,0.9212113413610798,509.296239536173,2000,236.14623953617303
0.9512564102564102,0.9230414365090559,509.3674251808298,2000,236.21742518082982
0.9525128205128205,0.9231102049538835,509.32408974207885,2000,236.17408974207888
0.9537692307692307,0.9256755003603949,509.31725815977336,2000,236.16725815977338
0.955025641025641,0.9279076107078743,509.2956209334098,2000,236.14562093340982
0.9562820512820512,0.9274848295951328,509.3259059265564,2000,236.17590592655642
0.9575384615384614,0.9292140194144065,509.2993799904047,2000,236.14937999040473
0.9587948717948718,0.9307211696327367,509.3122037289552,2000,236.1622037289552
0.960051282051282,0.9308485231178577,509.3597101666977,2000,236.20971016669773
0.9613076923076923,0.932692554020272,509.3052027685105,2000,236.15520276851055
0.9625641025641025,0.9336997718879612,509.3285918606714,2000,236.17859186067142
0.9638205128205128,0.9350035735344463,509.2898886201174,2000,236.1398886201174
0.965076923076923,0.9353516056007599,509.301457849883,2000,236.151457849883
0.9663333333333333,0.9373678435075922,509.33563520984274,2000,236.18563520984276
0.9675897435897436,0.9390600495732967,509.285593929541,2000,236.13559392954102
0.9688461538461538,0.9412319128385642,509.3321452013187,2000,236.18214520131875
0.9701025641025641,0.9419587580055724,509.30765950399046,2000,236.1576595039905
0.9713589743589743,0.9443713875857166,509.27970503031145,2000,236.12970503031147
0.9726153846153845,0.9426695755140349,509.3008904763501,2000,236.15089047635013
0.9738717948717949,0.9455279616623617,509.30481581125764,2000,236.15481581125766
0.9751282051282051,0.9460577009800972,509.294754156928,2000,236.144754156928
0.9763846153846154,0.9492828798562946,509.24769392319166,2000,236.09769392319168
0.9776410256410256,0.9475034965864397,509.2611597482319,2000,236.1111597482319
0.9788974358974358,0.948690790978332,509.2671761972142,2000,236.11717619721423
0.9801538461538462,0.9501498381237867,509.2668783733045,2000,236.11687837330453
0.9814102564102564,0.9498440529936388,509.2768337393475,2000,236.12683373934755
0.9826666666666667,0.9526609116449859,509.26383674624,2000,236.11383674624
0.9839230769230769,0.9536462519538309,509.2292438309517,2000,236.07924383095173
0.9851794871794872,0.9557744963505788,509.25902461989614,2000,236.10902461989616
0.9864358974358974,0.9571845764885976,509.25890066514245,2000,236.10890066514247
0.9876923076923076,0.9599377093007543,509.2529477789326,2000,236.10294777893262
0.988948717948718,0.9602306802484424,509.25822172636396,2000,236.10822172636398
0.9902051282051282,0.9599220707033119,509.2479262087296,2000,236.09792620872963
0.9914615384615385,0.960819277636344,509.23485692268133,2000,236.08485692268135
0.9927179487179487,0.9634283294279167,509.21847585376395,2000,236.06847585376397
0.9939743589743589,0.9628348949981075,509.18064247742205,2000,236.03064247742208
0.9952307692307693,0.9672053049197005,509.2162096595431,2000,236.06620965954312
0.9964871794871795,0.9677720042232852,509.20529610870574,2000,236.05529610870576
0.9977435897435898,0.9673421063991774,509.19986484200814,2000,236.04986484200816
0.999,0.9673168654709091,509.16195144431435,2000,236.01195144431438
